2026-07-16 00:00:31.715 [INF]  NovaLite starting — version 1.0.0.0
2026-07-16 00:00:32.753 [FTL]  NovaLite terminated unexpectedly
System.ArgumentException: Unable to resolve type vm:MainWindowViewModel from any of the following locations: 
   at Avalonia.Markup.Xaml.XamlIl.Runtime.XamlIlRuntimeHelpers.XamlTypeResolver.Resolve(String qualifiedTypeName)
   at Avalonia.Markup.Xaml.Extensions.ResolveType(IServiceProvider ctx, String namespacePrefix, String type)
   at Avalonia.Markup.Parsers.ExpressionNodeFactory.LookupType(Func`3 typeResolver, String namespace, String name)
   at Avalonia.Markup.Parsers.ExpressionNodeFactory.CreateFromAst(List`1 astNodes, Func`3 typeResolver, INameScope nameScope, Boolean& isRooted)
   at Avalonia.Data.Binding.InstanceCore(AvaloniaProperty targetProperty, AvaloniaObject target, Object anchor, Boolean enableDataValidation)
   at Avalonia.Data.Binding.Instance(AvaloniaObject target, AvaloniaProperty targetProperty, Object anchor)
   at Avalonia.Data.BindingBase.Avalonia.Data.Core.IBinding2.Instance(AvaloniaObject target, AvaloniaProperty property, Object anchor)
   at Avalonia.AvaloniaObject.Bind(AvaloniaProperty property, IBinding binding, Object anchor)
   at Avalonia.AvaloniaObject.Bind(AvaloniaProperty property, IBinding binding)
   at Avalonia.AvaloniaObjectExtensions.Bind(AvaloniaObject target, AvaloniaProperty property, IBinding binding, Object anchor)
   at NovaLite.UI.MainWindow.XamlClosure_1.Build_6(IServiceProvider) in C:\Users\Fynn\nova_lite\src\NovaLite.UI\MainWindow.xaml:line 174
   at Avalonia.Markup.Xaml.XamlIl.Runtime.XamlIlRuntimeHelpers.PointerDeferredContent`1.InvokeBuilder(IServiceProvider serviceProvider)
   at Avalonia.Markup.Xaml.XamlIl.Runtime.XamlIlRuntimeHelpers.DeferredContent`1.Build(IServiceProvider serviceProvider)
   at Avalonia.Markup.Xaml.Templates.TemplateContent.Load[T](Object templateContent)
   at Avalonia.Markup.Xaml.Templates.TemplateContent.Load(Object templateContent)
   at Avalonia.Markup.Xaml.Templates.DataTemplate.Build(Object data, Control existing)
   at Avalonia.Controls.Presenters.ContentPresenter.CreateChild(Object content, Control oldChild, IDataTemplate template)
   at Avalonia.Controls.Presenters.ContentPresenter.UpdateChild(Object content)
   at Avalonia.Controls.Presenters.ContentPresenter.UpdateChild()
   at Avalonia.Controls.Presenters.ContentPresenter.ApplyTemplate()
   at Avalonia.Layout.Layoutable.MeasureCore(Size availableSize)
   at Avalonia.Layout.Layoutable.Measure(Size availableSize)
   at Avalonia.Layout.Layoutable.MeasureOverride(Size availableSize)
   at Avalonia.Layout.Layoutable.MeasureCore(Size availableSize)
   at Avalonia.Layout.Layoutable.Measure(Size availableSize)
   at Avalonia.Controls.VirtualizingStackPanel.RealizeElements(IReadOnlyList`1 items, Size availableSize, MeasureViewport& viewport)
   at Avalonia.Controls.VirtualizingStackPanel.MeasureOverride(Size availableSize)
   at Avalonia.Layout.Layoutable.MeasureCore(Size availableSize)
   at Avalonia.Layout.Layoutable.Measure(Size availableSize)
   at Avalonia.Layout.LayoutManager.Measure(Layoutable control)
   at Avalonia.Layout.LayoutManager.ExecuteMeasurePass()
   at Avalonia.Layout.LayoutManager.InnerLayoutPass()
   at Avalonia.Layout.LayoutManager.ExecuteLayoutPass()
   at Avalonia.Layout.LayoutManager.ExecuteQueuedLayoutPass()
   at Avalonia.Media.MediaContext.FireInvokeOnRenderCallbacks()
   at Avalonia.Media.MediaContext.RenderCore()
   at Avalonia.Media.MediaContext.Render()
   at Avalonia.Threading.DispatcherOperation.InvokeCore()
   at Avalonia.Threading.DispatcherOperation.Execute()
   at Avalonia.Threading.Dispatcher.ExecuteJob(DispatcherOperation job)
   at Avalonia.Threading.Dispatcher.ExecuteJobsCore(Boolean fromExplicitBackgroundProcessingCallback)
   at Avalonia.Threading.Dispatcher.Signaled()
   at Avalonia.Win32.Win32DispatcherImpl.DispatchWorkItem()
   at Avalonia.Win32.Win32Platform.WndProc(IntPtr hWnd, UInt32 msg, IntPtr wParam, IntPtr lParam)
   at Avalonia.Win32.Interop.UnmanagedMethods.DispatchMessage(MSG& lpmsg)
   at Avalonia.Win32.Win32DispatcherImpl.RunLoop(CancellationToken cancellationToken)
   at Avalonia.Threading.DispatcherFrame.Run(IControlledDispatcherImpl impl)
   at Avalonia.Threading.Dispatcher.PushFrame(DispatcherFrame frame)
   at Avalonia.Threading.Dispatcher.MainLoop(CancellationToken cancellationToken)
   at Avalonia.Controls.ApplicationLifetimes.ClassicDesktopStyleApplicationLifetime.StartCore(String[] args)
   at Avalonia.Controls.ApplicationLifetimes.ClassicDesktopStyleApplicationLifetime.Start(String[] args)
   at Avalonia.ClassicDesktopStyleApplicationLifetimeExtensions.StartWithClassicDesktopLifetime(AppBuilder builder, String[] args, Action`1 lifetimeBuilder)
   at NovaLite.UI.Program.Main(String[] args) in C:\Users\Fynn\nova_lite\src\NovaLite.UI\Program.cs:line 27
2026-07-16 00:02:16.048 [INF]  NovaLite starting — version 1.0.0.0
2026-07-16 00:02:17.100 [FTL]  NovaLite terminated unexpectedly
System.ArgumentException: Unable to resolve type vm:MainWindowViewModel from any of the following locations: 
   at Avalonia.Markup.Xaml.XamlIl.Runtime.XamlIlRuntimeHelpers.XamlTypeResolver.Resolve(String qualifiedTypeName)
   at Avalonia.Markup.Xaml.Extensions.ResolveType(IServiceProvider ctx, String namespacePrefix, String type)
   at Avalonia.Markup.Parsers.ExpressionNodeFactory.LookupType(Func`3 typeResolver, String namespace, String name)
   at Avalonia.Markup.Parsers.ExpressionNodeFactory.CreateFromAst(List`1 astNodes, Func`3 typeResolver, INameScope nameScope, Boolean& isRooted)
   at Avalonia.Data.Binding.InstanceCore(AvaloniaProperty targetProperty, AvaloniaObject target, Object anchor, Boolean enableDataValidation)
   at Avalonia.Data.Binding.Instance(AvaloniaObject target, AvaloniaProperty targetProperty, Object anchor)
   at Avalonia.Data.BindingBase.Avalonia.Data.Core.IBinding2.Instance(AvaloniaObject target, AvaloniaProperty property, Object anchor)
   at Avalonia.AvaloniaObject.Bind(AvaloniaProperty property, IBinding binding, Object anchor)
   at Avalonia.AvaloniaObject.Bind(AvaloniaProperty property, IBinding binding)
   at Avalonia.AvaloniaObjectExtensions.Bind(AvaloniaObject target, AvaloniaProperty property, IBinding binding, Object anchor)
   at NovaLite.UI.MainWindow.XamlClosure_1.Build_6(IServiceProvider) in C:\Users\Fynn\nova_lite\src\NovaLite.UI\MainWindow.xaml:line 174
   at Avalonia.Markup.Xaml.XamlIl.Runtime.XamlIlRuntimeHelpers.PointerDeferredContent`1.InvokeBuilder(IServiceProvider serviceProvider)
   at Avalonia.Markup.Xaml.XamlIl.Runtime.XamlIlRuntimeHelpers.DeferredContent`1.Build(IServiceProvider serviceProvider)
   at Avalonia.Markup.Xaml.Templates.TemplateContent.Load[T](Object templateContent)
   at Avalonia.Markup.Xaml.Templates.TemplateContent.Load(Object templateContent)
   at Avalonia.Markup.Xaml.Templates.DataTemplate.Build(Object data, Control existing)
   at Avalonia.Controls.Presenters.ContentPresenter.CreateChild(Object content, Control oldChild, IDataTemplate template)
   at Avalonia.Controls.Presenters.ContentPresenter.UpdateChild(Object content)
   at Avalonia.Controls.Presenters.ContentPresenter.UpdateChild()
   at Avalonia.Controls.Presenters.ContentPresenter.ApplyTemplate()
   at Avalonia.Layout.Layoutable.MeasureCore(Size availableSize)
   at Avalonia.Layout.Layoutable.Measure(Size availableSize)
   at Avalonia.Layout.Layoutable.MeasureOverride(Size availableSize)
   at Avalonia.Layout.Layoutable.MeasureCore(Size availableSize)
   at Avalonia.Layout.Layoutable.Measure(Size availableSize)
   at Avalonia.Controls.VirtualizingStackPanel.RealizeElements(IReadOnlyList`1 items, Size availableSize, MeasureViewport& viewport)
   at Avalonia.Controls.VirtualizingStackPanel.MeasureOverride(Size availableSize)
   at Avalonia.Layout.Layoutable.MeasureCore(Size availableSize)
   at Avalonia.Layout.Layoutable.Measure(Size availableSize)
   at Avalonia.Layout.LayoutManager.Measure(Layoutable control)
   at Avalonia.Layout.LayoutManager.ExecuteMeasurePass()
   at Avalonia.Layout.LayoutManager.InnerLayoutPass()
   at Avalonia.Layout.LayoutManager.ExecuteLayoutPass()
   at Avalonia.Layout.LayoutManager.ExecuteQueuedLayoutPass()
   at Avalonia.Media.MediaContext.FireInvokeOnRenderCallbacks()
   at Avalonia.Media.MediaContext.RenderCore()
   at Avalonia.Media.MediaContext.Render()
   at Avalonia.Threading.DispatcherOperation.InvokeCore()
   at Avalonia.Threading.DispatcherOperation.Execute()
   at Avalonia.Threading.Dispatcher.ExecuteJob(DispatcherOperation job)
   at Avalonia.Threading.Dispatcher.ExecuteJobsCore(Boolean fromExplicitBackgroundProcessingCallback)
   at Avalonia.Threading.Dispatcher.Signaled()
   at Avalonia.Win32.Win32DispatcherImpl.DispatchWorkItem()
   at Avalonia.Win32.Win32Platform.WndProc(IntPtr hWnd, UInt32 msg, IntPtr wParam, IntPtr lParam)
   at Avalonia.Win32.Interop.UnmanagedMethods.DispatchMessage(MSG& lpmsg)
   at Avalonia.Win32.Win32DispatcherImpl.RunLoop(CancellationToken cancellationToken)
   at Avalonia.Threading.DispatcherFrame.Run(IControlledDispatcherImpl impl)
   at Avalonia.Threading.Dispatcher.PushFrame(DispatcherFrame frame)
   at Avalonia.Threading.Dispatcher.MainLoop(CancellationToken cancellationToken)
   at Avalonia.Controls.ApplicationLifetimes.ClassicDesktopStyleApplicationLifetime.StartCore(String[] args)
   at Avalonia.Controls.ApplicationLifetimes.ClassicDesktopStyleApplicationLifetime.Start(String[] args)
   at Avalonia.ClassicDesktopStyleApplicationLifetimeExtensions.StartWithClassicDesktopLifetime(AppBuilder builder, String[] args, Action`1 lifetimeBuilder)
   at NovaLite.UI.Program.Main(String[] args) in C:\Users\Fynn\nova_lite\src\NovaLite.UI\Program.cs:line 27
2026-07-16 00:05:52.541 [INF]  NovaLite starting — version 1.0.0.0
2026-07-16 00:05:53.580 [FTL]  NovaLite terminated unexpectedly
System.ArgumentException: Unable to resolve type vm:MainWindowViewModel from any of the following locations: 
   at Avalonia.Markup.Xaml.XamlIl.Runtime.XamlIlRuntimeHelpers.XamlTypeResolver.Resolve(String qualifiedTypeName)
   at Avalonia.Markup.Xaml.Extensions.ResolveType(IServiceProvider ctx, String namespacePrefix, String type)
   at Avalonia.Markup.Parsers.ExpressionNodeFactory.LookupType(Func`3 typeResolver, String namespace, String name)
   at Avalonia.Markup.Parsers.ExpressionNodeFactory.CreateFromAst(List`1 astNodes, Func`3 typeResolver, INameScope nameScope, Boolean& isRooted)
   at Avalonia.Data.Binding.InstanceCore(AvaloniaProperty targetProperty, AvaloniaObject target, Object anchor, Boolean enableDataValidation)
   at Avalonia.Data.Binding.Instance(AvaloniaObject target, AvaloniaProperty targetProperty, Object anchor)
   at Avalonia.Data.BindingBase.Avalonia.Data.Core.IBinding2.Instance(AvaloniaObject target, AvaloniaProperty property, Object anchor)
   at Avalonia.AvaloniaObject.Bind(AvaloniaProperty property, IBinding binding, Object anchor)
   at Avalonia.AvaloniaObject.Bind(AvaloniaProperty property, IBinding binding)
   at Avalonia.AvaloniaObjectExtensions.Bind(AvaloniaObject target, AvaloniaProperty property, IBinding binding, Object anchor)
   at NovaLite.UI.MainWindow.XamlClosure_1.Build_6(IServiceProvider) in C:\Users\Fynn\nova_lite\src\NovaLite.UI\MainWindow.xaml:line 174
   at Avalonia.Markup.Xaml.XamlIl.Runtime.XamlIlRuntimeHelpers.PointerDeferredContent`1.InvokeBuilder(IServiceProvider serviceProvider)
   at Avalonia.Markup.Xaml.XamlIl.Runtime.XamlIlRuntimeHelpers.DeferredContent`1.Build(IServiceProvider serviceProvider)
   at Avalonia.Markup.Xaml.Templates.TemplateContent.Load[T](Object templateContent)
   at Avalonia.Markup.Xaml.Templates.TemplateContent.Load(Object templateContent)
   at Avalonia.Markup.Xaml.Templates.DataTemplate.Build(Object data, Control existing)
   at Avalonia.Controls.Presenters.ContentPresenter.CreateChild(Object content, Control oldChild, IDataTemplate template)
   at Avalonia.Controls.Presenters.ContentPresenter.UpdateChild(Object content)
   at Avalonia.Controls.Presenters.ContentPresenter.UpdateChild()
   at Avalonia.Controls.Presenters.ContentPresenter.ApplyTemplate()
   at Avalonia.Layout.Layoutable.MeasureCore(Size availableSize)
   at Avalonia.Layout.Layoutable.Measure(Size availableSize)
   at Avalonia.Layout.Layoutable.MeasureOverride(Size availableSize)
   at Avalonia.Layout.Layoutable.MeasureCore(Size availableSize)
   at Avalonia.Layout.Layoutable.Measure(Size availableSize)
   at Avalonia.Controls.VirtualizingStackPanel.RealizeElements(IReadOnlyList`1 items, Size availableSize, MeasureViewport& viewport)
   at Avalonia.Controls.VirtualizingStackPanel.MeasureOverride(Size availableSize)
   at Avalonia.Layout.Layoutable.MeasureCore(Size availableSize)
   at Avalonia.Layout.Layoutable.Measure(Size availableSize)
   at Avalonia.Layout.LayoutManager.Measure(Layoutable control)
   at Avalonia.Layout.LayoutManager.ExecuteMeasurePass()
   at Avalonia.Layout.LayoutManager.InnerLayoutPass()
   at Avalonia.Layout.LayoutManager.ExecuteLayoutPass()
   at Avalonia.Layout.LayoutManager.ExecuteQueuedLayoutPass()
   at Avalonia.Media.MediaContext.FireInvokeOnRenderCallbacks()
   at Avalonia.Media.MediaContext.RenderCore()
   at Avalonia.Media.MediaContext.Render()
   at Avalonia.Threading.DispatcherOperation.InvokeCore()
   at Avalonia.Threading.DispatcherOperation.Execute()
   at Avalonia.Threading.Dispatcher.ExecuteJob(DispatcherOperation job)
   at Avalonia.Threading.Dispatcher.ExecuteJobsCore(Boolean fromExplicitBackgroundProcessingCallback)
   at Avalonia.Threading.Dispatcher.Signaled()
   at Avalonia.Win32.Win32DispatcherImpl.DispatchWorkItem()
   at Avalonia.Win32.Win32Platform.WndProc(IntPtr hWnd, UInt32 msg, IntPtr wParam, IntPtr lParam)
   at Avalonia.Win32.Interop.UnmanagedMethods.DispatchMessage(MSG& lpmsg)
   at Avalonia.Win32.Win32DispatcherImpl.RunLoop(CancellationToken cancellationToken)
   at Avalonia.Threading.DispatcherFrame.Run(IControlledDispatcherImpl impl)
   at Avalonia.Threading.Dispatcher.PushFrame(DispatcherFrame frame)
   at Avalonia.Threading.Dispatcher.MainLoop(CancellationToken cancellationToken)
   at Avalonia.Controls.ApplicationLifetimes.ClassicDesktopStyleApplicationLifetime.StartCore(String[] args)
   at Avalonia.Controls.ApplicationLifetimes.ClassicDesktopStyleApplicationLifetime.Start(String[] args)
   at Avalonia.ClassicDesktopStyleApplicationLifetimeExtensions.StartWithClassicDesktopLifetime(AppBuilder builder, String[] args, Action`1 lifetimeBuilder)
   at NovaLite.UI.Program.Main(String[] args) in C:\Users\Fynn\nova_lite\src\NovaLite.UI\Program.cs:line 27
2026-07-16 00:07:47.615 [INF]  NovaLite starting — version 1.0.0.0
2026-07-16 00:07:48.664 [FTL]  NovaLite terminated unexpectedly
System.ArgumentException: Unable to resolve type vm:MainWindowViewModel from any of the following locations: 
   at Avalonia.Markup.Xaml.XamlIl.Runtime.XamlIlRuntimeHelpers.XamlTypeResolver.Resolve(String qualifiedTypeName)
   at Avalonia.Markup.Xaml.Extensions.ResolveType(IServiceProvider ctx, String namespacePrefix, String type)
   at Avalonia.Markup.Parsers.ExpressionNodeFactory.LookupType(Func`3 typeResolver, String namespace, String name)
   at Avalonia.Markup.Parsers.ExpressionNodeFactory.CreateFromAst(List`1 astNodes, Func`3 typeResolver, INameScope nameScope, Boolean& isRooted)
   at Avalonia.Data.Binding.InstanceCore(AvaloniaProperty targetProperty, AvaloniaObject target, Object anchor, Boolean enableDataValidation)
   at Avalonia.Data.Binding.Instance(AvaloniaObject target, AvaloniaProperty targetProperty, Object anchor)
   at Avalonia.Data.BindingBase.Avalonia.Data.Core.IBinding2.Instance(AvaloniaObject target, AvaloniaProperty property, Object anchor)
   at Avalonia.AvaloniaObject.Bind(AvaloniaProperty property, IBinding binding, Object anchor)
   at Avalonia.AvaloniaObject.Bind(AvaloniaProperty property, IBinding binding)
   at Avalonia.AvaloniaObjectExtensions.Bind(AvaloniaObject target, AvaloniaProperty property, IBinding binding, Object anchor)
   at NovaLite.UI.MainWindow.XamlClosure_1.Build_6(IServiceProvider) in C:\Users\Fynn\nova_lite\src\NovaLite.UI\MainWindow.xaml:line 174
   at Avalonia.Markup.Xaml.XamlIl.Runtime.XamlIlRuntimeHelpers.PointerDeferredContent`1.InvokeBuilder(IServiceProvider serviceProvider)
   at Avalonia.Markup.Xaml.XamlIl.Runtime.XamlIlRuntimeHelpers.DeferredContent`1.Build(IServiceProvider serviceProvider)
   at Avalonia.Markup.Xaml.Templates.TemplateContent.Load[T](Object templateContent)
   at Avalonia.Markup.Xaml.Templates.TemplateContent.Load(Object templateContent)
   at Avalonia.Markup.Xaml.Templates.DataTemplate.Build(Object data, Control existing)
   at Avalonia.Controls.Presenters.ContentPresenter.CreateChild(Object content, Control oldChild, IDataTemplate template)
   at Avalonia.Controls.Presenters.ContentPresenter.UpdateChild(Object content)
   at Avalonia.Controls.Presenters.ContentPresenter.UpdateChild()
   at Avalonia.Controls.Presenters.ContentPresenter.ApplyTemplate()
   at Avalonia.Layout.Layoutable.MeasureCore(Size availableSize)
   at Avalonia.Layout.Layoutable.Measure(Size availableSize)
   at Avalonia.Layout.Layoutable.MeasureOverride(Size availableSize)
   at Avalonia.Layout.Layoutable.MeasureCore(Size availableSize)
   at Avalonia.Layout.Layoutable.Measure(Size availableSize)
   at Avalonia.Controls.VirtualizingStackPanel.RealizeElements(IReadOnlyList`1 items, Size availableSize, MeasureViewport& viewport)
   at Avalonia.Controls.VirtualizingStackPanel.MeasureOverride(Size availableSize)
   at Avalonia.Layout.Layoutable.MeasureCore(Size availableSize)
   at Avalonia.Layout.Layoutable.Measure(Size availableSize)
   at Avalonia.Layout.LayoutManager.Measure(Layoutable control)
   at Avalonia.Layout.LayoutManager.ExecuteMeasurePass()
   at Avalonia.Layout.LayoutManager.InnerLayoutPass()
   at Avalonia.Layout.LayoutManager.ExecuteLayoutPass()
   at Avalonia.Layout.LayoutManager.ExecuteQueuedLayoutPass()
   at Avalonia.Media.MediaContext.FireInvokeOnRenderCallbacks()
   at Avalonia.Media.MediaContext.RenderCore()
   at Avalonia.Media.MediaContext.Render()
   at Avalonia.Threading.DispatcherOperation.InvokeCore()
   at Avalonia.Threading.DispatcherOperation.Execute()
   at Avalonia.Threading.Dispatcher.ExecuteJob(DispatcherOperation job)
   at Avalonia.Threading.Dispatcher.ExecuteJobsCore(Boolean fromExplicitBackgroundProcessingCallback)
   at Avalonia.Threading.Dispatcher.Signaled()
   at Avalonia.Win32.Win32DispatcherImpl.DispatchWorkItem()
   at Avalonia.Win32.Win32Platform.WndProc(IntPtr hWnd, UInt32 msg, IntPtr wParam, IntPtr lParam)
   at Avalonia.Win32.Interop.UnmanagedMethods.DispatchMessage(MSG& lpmsg)
   at Avalonia.Win32.Win32DispatcherImpl.RunLoop(CancellationToken cancellationToken)
   at Avalonia.Threading.DispatcherFrame.Run(IControlledDispatcherImpl impl)
   at Avalonia.Threading.Dispatcher.PushFrame(DispatcherFrame frame)
   at Avalonia.Threading.Dispatcher.MainLoop(CancellationToken cancellationToken)
   at Avalonia.Controls.ApplicationLifetimes.ClassicDesktopStyleApplicationLifetime.StartCore(String[] args)
   at Avalonia.Controls.ApplicationLifetimes.ClassicDesktopStyleApplicationLifetime.Start(String[] args)
   at Avalonia.ClassicDesktopStyleApplicationLifetimeExtensions.StartWithClassicDesktopLifetime(AppBuilder builder, String[] args, Action`1 lifetimeBuilder)
   at NovaLite.UI.Program.Main(String[] args) in C:\Users\Fynn\nova_lite\src\NovaLite.UI\Program.cs:line 27
2026-07-16 00:08:24.798 [INF]  NovaLite starting — version 1.0.0.0
2026-07-16 00:08:27.778 [FTL]  NovaLite terminated unexpectedly
System.ArgumentException: Unable to resolve type vm:MainWindowViewModel from any of the following locations: 
   at Avalonia.Markup.Xaml.XamlIl.Runtime.XamlIlRuntimeHelpers.XamlTypeResolver.Resolve(String qualifiedTypeName)
   at Avalonia.Markup.Xaml.Extensions.ResolveType(IServiceProvider ctx, String namespacePrefix, String type)
   at Avalonia.Markup.Parsers.ExpressionNodeFactory.LookupType(Func`3 typeResolver, String namespace, String name)
   at Avalonia.Markup.Parsers.ExpressionNodeFactory.CreateFromAst(List`1 astNodes, Func`3 typeResolver, INameScope nameScope, Boolean& isRooted)
   at Avalonia.Data.Binding.InstanceCore(AvaloniaProperty targetProperty, AvaloniaObject target, Object anchor, Boolean enableDataValidation)
   at Avalonia.Data.Binding.Instance(AvaloniaObject target, AvaloniaProperty targetProperty, Object anchor)
   at Avalonia.Data.BindingBase.Avalonia.Data.Core.IBinding2.Instance(AvaloniaObject target, AvaloniaProperty property, Object anchor)
   at Avalonia.AvaloniaObject.Bind(AvaloniaProperty property, IBinding binding, Object anchor)
   at Avalonia.AvaloniaObject.Bind(AvaloniaProperty property, IBinding binding)
   at Avalonia.AvaloniaObjectExtensions.Bind(AvaloniaObject target, AvaloniaProperty property, IBinding binding, Object anchor)
   at NovaLite.UI.MainWindow.XamlClosure_1.Build_6(IServiceProvider) in C:\Users\Fynn\nova_lite\src\NovaLite.UI\MainWindow.xaml:line 174
   at Avalonia.Markup.Xaml.XamlIl.Runtime.XamlIlRuntimeHelpers.PointerDeferredContent`1.InvokeBuilder(IServiceProvider serviceProvider)
   at Avalonia.Markup.Xaml.XamlIl.Runtime.XamlIlRuntimeHelpers.DeferredContent`1.Build(IServiceProvider serviceProvider)
   at Avalonia.Markup.Xaml.Templates.TemplateContent.Load[T](Object templateContent)
   at Avalonia.Markup.Xaml.Templates.TemplateContent.Load(Object templateContent)
   at Avalonia.Markup.Xaml.Templates.DataTemplate.Build(Object data, Control existing)
   at Avalonia.Controls.Presenters.ContentPresenter.CreateChild(Object content, Control oldChild, IDataTemplate template)
   at Avalonia.Controls.Presenters.ContentPresenter.UpdateChild(Object content)
   at Avalonia.Controls.Presenters.ContentPresenter.UpdateChild()
   at Avalonia.Controls.Presenters.ContentPresenter.ApplyTemplate()
   at Avalonia.Layout.Layoutable.MeasureCore(Size availableSize)
   at Avalonia.Layout.Layoutable.Measure(Size availableSize)
   at Avalonia.Layout.Layoutable.MeasureOverride(Size availableSize)
   at Avalonia.Layout.Layoutable.MeasureCore(Size availableSize)
   at Avalonia.Layout.Layoutable.Measure(Size availableSize)
   at Avalonia.Controls.VirtualizingStackPanel.RealizeElements(IReadOnlyList`1 items, Size availableSize, MeasureViewport& viewport)
   at Avalonia.Controls.VirtualizingStackPanel.MeasureOverride(Size availableSize)
   at Avalonia.Layout.Layoutable.MeasureCore(Size availableSize)
   at Avalonia.Layout.Layoutable.Measure(Size availableSize)
   at Avalonia.Layout.LayoutManager.Measure(Layoutable control)
   at Avalonia.Layout.LayoutManager.ExecuteMeasurePass()
   at Avalonia.Layout.LayoutManager.InnerLayoutPass()
   at Avalonia.Layout.LayoutManager.ExecuteLayoutPass()
   at Avalonia.Layout.LayoutManager.ExecuteQueuedLayoutPass()
   at Avalonia.Media.MediaContext.FireInvokeOnRenderCallbacks()
   at Avalonia.Media.MediaContext.RenderCore()
   at Avalonia.Media.MediaContext.Render()
   at Avalonia.Threading.DispatcherOperation.InvokeCore()
   at Avalonia.Threading.DispatcherOperation.Execute()
   at Avalonia.Threading.Dispatcher.ExecuteJob(DispatcherOperation job)
   at Avalonia.Threading.Dispatcher.ExecuteJobsCore(Boolean fromExplicitBackgroundProcessingCallback)
   at Avalonia.Threading.Dispatcher.Signaled()
   at Avalonia.Win32.Win32DispatcherImpl.DispatchWorkItem()
   at Avalonia.Win32.Win32Platform.WndProc(IntPtr hWnd, UInt32 msg, IntPtr wParam, IntPtr lParam)
   at Avalonia.Win32.Interop.UnmanagedMethods.DispatchMessage(MSG& lpmsg)
   at Avalonia.Win32.Win32DispatcherImpl.RunLoop(CancellationToken cancellationToken)
   at Avalonia.Threading.DispatcherFrame.Run(IControlledDispatcherImpl impl)
   at Avalonia.Threading.Dispatcher.PushFrame(DispatcherFrame frame)
   at Avalonia.Threading.Dispatcher.MainLoop(CancellationToken cancellationToken)
   at Avalonia.Controls.ApplicationLifetimes.ClassicDesktopStyleApplicationLifetime.StartCore(String[] args)
   at Avalonia.Controls.ApplicationLifetimes.ClassicDesktopStyleApplicationLifetime.Start(String[] args)
   at Avalonia.ClassicDesktopStyleApplicationLifetimeExtensions.StartWithClassicDesktopLifetime(AppBuilder builder, String[] args, Action`1 lifetimeBuilder)
   at NovaLite.UI.Program.Main(String[] args) in C:\Users\Fynn\nova_lite\src\NovaLite.UI\Program.cs:line 27
2026-07-16 00:21:37.339 [INF]  NovaLite starting — version 1.0.0.0
2026-07-16 00:21:38.451 [FTL]  NovaLite terminated unexpectedly
System.ArgumentException: Unable to resolve type vm:MainWindowViewModel from any of the following locations: 
   at Avalonia.Markup.Xaml.XamlIl.Runtime.XamlIlRuntimeHelpers.XamlTypeResolver.Resolve(String qualifiedTypeName)
   at Avalonia.Markup.Xaml.Extensions.ResolveType(IServiceProvider ctx, String namespacePrefix, String type)
   at Avalonia.Markup.Parsers.ExpressionNodeFactory.LookupType(Func`3 typeResolver, String namespace, String name)
   at Avalonia.Markup.Parsers.ExpressionNodeFactory.CreateFromAst(List`1 astNodes, Func`3 typeResolver, INameScope nameScope, Boolean& isRooted)
   at Avalonia.Data.Binding.InstanceCore(AvaloniaProperty targetProperty, AvaloniaObject target, Object anchor, Boolean enableDataValidation)
   at Avalonia.Data.Binding.Instance(AvaloniaObject target, AvaloniaProperty targetProperty, Object anchor)
   at Avalonia.Data.BindingBase.Avalonia.Data.Core.IBinding2.Instance(AvaloniaObject target, AvaloniaProperty property, Object anchor)
   at Avalonia.AvaloniaObject.Bind(AvaloniaProperty property, IBinding binding, Object anchor)
   at Avalonia.AvaloniaObject.Bind(AvaloniaProperty property, IBinding binding)
   at Avalonia.AvaloniaObjectExtensions.Bind(AvaloniaObject target, AvaloniaProperty property, IBinding binding, Object anchor)
   at NovaLite.UI.MainWindow.XamlClosure_1.Build_6(IServiceProvider) in C:\Users\Fynn\nova_lite\src\NovaLite.UI\MainWindow.xaml:line 174
   at Avalonia.Markup.Xaml.XamlIl.Runtime.XamlIlRuntimeHelpers.PointerDeferredContent`1.InvokeBuilder(IServiceProvider serviceProvider)
   at Avalonia.Markup.Xaml.XamlIl.Runtime.XamlIlRuntimeHelpers.DeferredContent`1.Build(IServiceProvider serviceProvider)
   at Avalonia.Markup.Xaml.Templates.TemplateContent.Load[T](Object templateContent)
   at Avalonia.Markup.Xaml.Templates.TemplateContent.Load(Object templateContent)
   at Avalonia.Markup.Xaml.Templates.DataTemplate.Build(Object data, Control existing)
   at Avalonia.Controls.Presenters.ContentPresenter.CreateChild(Object content, Control oldChild, IDataTemplate template)
   at Avalonia.Controls.Presenters.ContentPresenter.UpdateChild(Object content)
   at Avalonia.Controls.Presenters.ContentPresenter.UpdateChild()
   at Avalonia.Controls.Presenters.ContentPresenter.ApplyTemplate()
   at Avalonia.Layout.Layoutable.MeasureCore(Size availableSize)
   at Avalonia.Layout.Layoutable.Measure(Size availableSize)
   at Avalonia.Layout.Layoutable.MeasureOverride(Size availableSize)
   at Avalonia.Layout.Layoutable.MeasureCore(Size availableSize)
   at Avalonia.Layout.Layoutable.Measure(Size availableSize)
   at Avalonia.Controls.VirtualizingStackPanel.RealizeElements(IReadOnlyList`1 items, Size availableSize, MeasureViewport& viewport)
   at Avalonia.Controls.VirtualizingStackPanel.MeasureOverride(Size availableSize)
   at Avalonia.Layout.Layoutable.MeasureCore(Size availableSize)
   at Avalonia.Layout.Layoutable.Measure(Size availableSize)
   at Avalonia.Layout.LayoutManager.Measure(Layoutable control)
   at Avalonia.Layout.LayoutManager.ExecuteMeasurePass()
   at Avalonia.Layout.LayoutManager.InnerLayoutPass()
   at Avalonia.Layout.LayoutManager.ExecuteLayoutPass()
   at Avalonia.Layout.LayoutManager.ExecuteQueuedLayoutPass()
   at Avalonia.Media.MediaContext.FireInvokeOnRenderCallbacks()
   at Avalonia.Media.MediaContext.RenderCore()
   at Avalonia.Media.MediaContext.Render()
   at Avalonia.Threading.DispatcherOperation.InvokeCore()
   at Avalonia.Threading.DispatcherOperation.Execute()
   at Avalonia.Threading.Dispatcher.ExecuteJob(DispatcherOperation job)
   at Avalonia.Threading.Dispatcher.ExecuteJobsCore(Boolean fromExplicitBackgroundProcessingCallback)
   at Avalonia.Threading.Dispatcher.Signaled()
   at Avalonia.Win32.Win32DispatcherImpl.DispatchWorkItem()
   at Avalonia.Win32.Win32Platform.WndProc(IntPtr hWnd, UInt32 msg, IntPtr wParam, IntPtr lParam)
   at Avalonia.Win32.Interop.UnmanagedMethods.DispatchMessage(MSG& lpmsg)
   at Avalonia.Win32.Win32DispatcherImpl.RunLoop(CancellationToken cancellationToken)
   at Avalonia.Threading.DispatcherFrame.Run(IControlledDispatcherImpl impl)
   at Avalonia.Threading.Dispatcher.PushFrame(DispatcherFrame frame)
   at Avalonia.Threading.Dispatcher.MainLoop(CancellationToken cancellationToken)
   at Avalonia.Controls.ApplicationLifetimes.ClassicDesktopStyleApplicationLifetime.StartCore(String[] args)
   at Avalonia.Controls.ApplicationLifetimes.ClassicDesktopStyleApplicationLifetime.Start(String[] args)
   at Avalonia.ClassicDesktopStyleApplicationLifetimeExtensions.StartWithClassicDesktopLifetime(AppBuilder builder, String[] args, Action`1 lifetimeBuilder)
   at NovaLite.UI.Program.Main(String[] args) in C:\Users\Fynn\nova_lite\src\NovaLite.UI\Program.cs:line 27
2026-07-16 00:25:01.351 [INF]  NovaLite starting — version 1.0.0.0
2026-07-16 00:25:02.461 [FTL]  NovaLite terminated unexpectedly
System.ArgumentException: Unable to resolve type vm:MainWindowViewModel from any of the following locations: 
   at Avalonia.Markup.Xaml.XamlIl.Runtime.XamlIlRuntimeHelpers.XamlTypeResolver.Resolve(String qualifiedTypeName)
   at Avalonia.Markup.Xaml.Extensions.ResolveType(IServiceProvider ctx, String namespacePrefix, String type)
   at Avalonia.Markup.Parsers.ExpressionNodeFactory.LookupType(Func`3 typeResolver, String namespace, String name)
   at Avalonia.Markup.Parsers.ExpressionNodeFactory.CreateFromAst(List`1 astNodes, Func`3 typeResolver, INameScope nameScope, Boolean& isRooted)
   at Avalonia.Data.Binding.InstanceCore(AvaloniaProperty targetProperty, AvaloniaObject target, Object anchor, Boolean enableDataValidation)
   at Avalonia.Data.Binding.Instance(AvaloniaObject target, AvaloniaProperty targetProperty, Object anchor)
   at Avalonia.Data.BindingBase.Avalonia.Data.Core.IBinding2.Instance(AvaloniaObject target, AvaloniaProperty property, Object anchor)
   at Avalonia.AvaloniaObject.Bind(AvaloniaProperty property, IBinding binding, Object anchor)
   at Avalonia.AvaloniaObject.Bind(AvaloniaProperty property, IBinding binding)
   at Avalonia.AvaloniaObjectExtensions.Bind(AvaloniaObject target, AvaloniaProperty property, IBinding binding, Object anchor)
   at NovaLite.UI.MainWindow.XamlClosure_1.Build_6(IServiceProvider) in C:\Users\Fynn\nova_lite\src\NovaLite.UI\MainWindow.xaml:line 174
   at Avalonia.Markup.Xaml.XamlIl.Runtime.XamlIlRuntimeHelpers.PointerDeferredContent`1.InvokeBuilder(IServiceProvider serviceProvider)
   at Avalonia.Markup.Xaml.XamlIl.Runtime.XamlIlRuntimeHelpers.DeferredContent`1.Build(IServiceProvider serviceProvider)
   at Avalonia.Markup.Xaml.Templates.TemplateContent.Load[T](Object templateContent)
   at Avalonia.Markup.Xaml.Templates.TemplateContent.Load(Object templateContent)
   at Avalonia.Markup.Xaml.Templates.DataTemplate.Build(Object data, Control existing)
   at Avalonia.Controls.Presenters.ContentPresenter.CreateChild(Object content, Control oldChild, IDataTemplate template)
   at Avalonia.Controls.Presenters.ContentPresenter.UpdateChild(Object content)
   at Avalonia.Controls.Presenters.ContentPresenter.UpdateChild()
   at Avalonia.Controls.Presenters.ContentPresenter.ApplyTemplate()
   at Avalonia.Layout.Layoutable.MeasureCore(Size availableSize)
   at Avalonia.Layout.Layoutable.Measure(Size availableSize)
   at Avalonia.Layout.Layoutable.MeasureOverride(Size availableSize)
   at Avalonia.Layout.Layoutable.MeasureCore(Size availableSize)
   at Avalonia.Layout.Layoutable.Measure(Size availableSize)
   at Avalonia.Controls.VirtualizingStackPanel.RealizeElements(IReadOnlyList`1 items, Size availableSize, MeasureViewport& viewport)
   at Avalonia.Controls.VirtualizingStackPanel.MeasureOverride(Size availableSize)
   at Avalonia.Layout.Layoutable.MeasureCore(Size availableSize)
   at Avalonia.Layout.Layoutable.Measure(Size availableSize)
   at Avalonia.Layout.LayoutManager.Measure(Layoutable control)
   at Avalonia.Layout.LayoutManager.ExecuteMeasurePass()
   at Avalonia.Layout.LayoutManager.InnerLayoutPass()
   at Avalonia.Layout.LayoutManager.ExecuteLayoutPass()
   at Avalonia.Layout.LayoutManager.ExecuteQueuedLayoutPass()
   at Avalonia.Media.MediaContext.FireInvokeOnRenderCallbacks()
   at Avalonia.Media.MediaContext.RenderCore()
   at Avalonia.Media.MediaContext.Render()
   at Avalonia.Threading.DispatcherOperation.InvokeCore()
   at Avalonia.Threading.DispatcherOperation.Execute()
   at Avalonia.Threading.Dispatcher.ExecuteJob(DispatcherOperation job)
   at Avalonia.Threading.Dispatcher.ExecuteJobsCore(Boolean fromExplicitBackgroundProcessingCallback)
   at Avalonia.Threading.Dispatcher.Signaled()
   at Avalonia.Win32.Win32DispatcherImpl.DispatchWorkItem()
   at Avalonia.Win32.Win32Platform.WndProc(IntPtr hWnd, UInt32 msg, IntPtr wParam, IntPtr lParam)
   at Avalonia.Win32.Interop.UnmanagedMethods.DispatchMessage(MSG& lpmsg)
   at Avalonia.Win32.Win32DispatcherImpl.RunLoop(CancellationToken cancellationToken)
   at Avalonia.Threading.DispatcherFrame.Run(IControlledDispatcherImpl impl)
   at Avalonia.Threading.Dispatcher.PushFrame(DispatcherFrame frame)
   at Avalonia.Threading.Dispatcher.MainLoop(CancellationToken cancellationToken)
   at Avalonia.Controls.ApplicationLifetimes.ClassicDesktopStyleApplicationLifetime.StartCore(String[] args)
   at Avalonia.Controls.ApplicationLifetimes.ClassicDesktopStyleApplicationLifetime.Start(String[] args)
   at Avalonia.ClassicDesktopStyleApplicationLifetimeExtensions.StartWithClassicDesktopLifetime(AppBuilder builder, String[] args, Action`1 lifetimeBuilder)
   at NovaLite.UI.Program.Main(String[] args) in C:\Users\Fynn\nova_lite\src\NovaLite.UI\Program.cs:line 27
2026-07-16 00:25:04.175 [INF]  NovaLite starting — version 1.0.0.0
2026-07-16 00:25:05.287 [FTL]  NovaLite terminated unexpectedly
System.ArgumentException: Unable to resolve type vm:MainWindowViewModel from any of the following locations: 
   at Avalonia.Markup.Xaml.XamlIl.Runtime.XamlIlRuntimeHelpers.XamlTypeResolver.Resolve(String qualifiedTypeName)
   at Avalonia.Markup.Xaml.Extensions.ResolveType(IServiceProvider ctx, String namespacePrefix, String type)
   at Avalonia.Markup.Parsers.ExpressionNodeFactory.LookupType(Func`3 typeResolver, String namespace, String name)
   at Avalonia.Markup.Parsers.ExpressionNodeFactory.CreateFromAst(List`1 astNodes, Func`3 typeResolver, INameScope nameScope, Boolean& isRooted)
   at Avalonia.Data.Binding.InstanceCore(AvaloniaProperty targetProperty, AvaloniaObject target, Object anchor, Boolean enableDataValidation)
   at Avalonia.Data.Binding.Instance(AvaloniaObject target, AvaloniaProperty targetProperty, Object anchor)
   at Avalonia.Data.BindingBase.Avalonia.Data.Core.IBinding2.Instance(AvaloniaObject target, AvaloniaProperty property, Object anchor)
   at Avalonia.AvaloniaObject.Bind(AvaloniaProperty property, IBinding binding, Object anchor)
   at Avalonia.AvaloniaObject.Bind(AvaloniaProperty property, IBinding binding)
   at Avalonia.AvaloniaObjectExtensions.Bind(AvaloniaObject target, AvaloniaProperty property, IBinding binding, Object anchor)
   at NovaLite.UI.MainWindow.XamlClosure_1.Build_6(IServiceProvider) in C:\Users\Fynn\nova_lite\src\NovaLite.UI\MainWindow.xaml:line 174
   at Avalonia.Markup.Xaml.XamlIl.Runtime.XamlIlRuntimeHelpers.PointerDeferredContent`1.InvokeBuilder(IServiceProvider serviceProvider)
   at Avalonia.Markup.Xaml.XamlIl.Runtime.XamlIlRuntimeHelpers.DeferredContent`1.Build(IServiceProvider serviceProvider)
   at Avalonia.Markup.Xaml.Templates.TemplateContent.Load[T](Object templateContent)
   at Avalonia.Markup.Xaml.Templates.TemplateContent.Load(Object templateContent)
   at Avalonia.Markup.Xaml.Templates.DataTemplate.Build(Object data, Control existing)
   at Avalonia.Controls.Presenters.ContentPresenter.CreateChild(Object content, Control oldChild, IDataTemplate template)
   at Avalonia.Controls.Presenters.ContentPresenter.UpdateChild(Object content)
   at Avalonia.Controls.Presenters.ContentPresenter.UpdateChild()
   at Avalonia.Controls.Presenters.ContentPresenter.ApplyTemplate()
   at Avalonia.Layout.Layoutable.MeasureCore(Size availableSize)
   at Avalonia.Layout.Layoutable.Measure(Size availableSize)
   at Avalonia.Layout.Layoutable.MeasureOverride(Size availableSize)
   at Avalonia.Layout.Layoutable.MeasureCore(Size availableSize)
   at Avalonia.Layout.Layoutable.Measure(Size availableSize)
   at Avalonia.Controls.VirtualizingStackPanel.RealizeElements(IReadOnlyList`1 items, Size availableSize, MeasureViewport& viewport)
   at Avalonia.Controls.VirtualizingStackPanel.MeasureOverride(Size availableSize)
   at Avalonia.Layout.Layoutable.MeasureCore(Size availableSize)
   at Avalonia.Layout.Layoutable.Measure(Size availableSize)
   at Avalonia.Layout.LayoutManager.Measure(Layoutable control)
   at Avalonia.Layout.LayoutManager.ExecuteMeasurePass()
   at Avalonia.Layout.LayoutManager.InnerLayoutPass()
   at Avalonia.Layout.LayoutManager.ExecuteLayoutPass()
   at Avalonia.Layout.LayoutManager.ExecuteQueuedLayoutPass()
   at Avalonia.Media.MediaContext.FireInvokeOnRenderCallbacks()
   at Avalonia.Media.MediaContext.RenderCore()
   at Avalonia.Media.MediaContext.Render()
   at Avalonia.Threading.DispatcherOperation.InvokeCore()
   at Avalonia.Threading.DispatcherOperation.Execute()
   at Avalonia.Threading.Dispatcher.ExecuteJob(DispatcherOperation job)
   at Avalonia.Threading.Dispatcher.ExecuteJobsCore(Boolean fromExplicitBackgroundProcessingCallback)
   at Avalonia.Threading.Dispatcher.Signaled()
   at Avalonia.Win32.Win32DispatcherImpl.DispatchWorkItem()
   at Avalonia.Win32.Win32Platform.WndProc(IntPtr hWnd, UInt32 msg, IntPtr wParam, IntPtr lParam)
   at Avalonia.Win32.Interop.UnmanagedMethods.DispatchMessage(MSG& lpmsg)
   at Avalonia.Win32.Win32DispatcherImpl.RunLoop(CancellationToken cancellationToken)
   at Avalonia.Threading.DispatcherFrame.Run(IControlledDispatcherImpl impl)
   at Avalonia.Threading.Dispatcher.PushFrame(DispatcherFrame frame)
   at Avalonia.Threading.Dispatcher.MainLoop(CancellationToken cancellationToken)
   at Avalonia.Controls.ApplicationLifetimes.ClassicDesktopStyleApplicationLifetime.StartCore(String[] args)
   at Avalonia.Controls.ApplicationLifetimes.ClassicDesktopStyleApplicationLifetime.Start(String[] args)
   at Avalonia.ClassicDesktopStyleApplicationLifetimeExtensions.StartWithClassicDesktopLifetime(AppBuilder builder, String[] args, Action`1 lifetimeBuilder)
   at NovaLite.UI.Program.Main(String[] args) in C:\Users\Fynn\nova_lite\src\NovaLite.UI\Program.cs:line 27
2026-07-16 00:28:05.407 [INF]  NovaLite starting — version 1.0.0.0
2026-07-16 00:28:06.506 [FTL]  NovaLite terminated unexpectedly
System.ArgumentException: Unable to resolve type vm:MainWindowViewModel from any of the following locations: 
   at Avalonia.Markup.Xaml.XamlIl.Runtime.XamlIlRuntimeHelpers.XamlTypeResolver.Resolve(String qualifiedTypeName)
   at Avalonia.Markup.Xaml.Extensions.ResolveType(IServiceProvider ctx, String namespacePrefix, String type)
   at Avalonia.Markup.Parsers.ExpressionNodeFactory.LookupType(Func`3 typeResolver, String namespace, String name)
   at Avalonia.Markup.Parsers.ExpressionNodeFactory.CreateFromAst(List`1 astNodes, Func`3 typeResolver, INameScope nameScope, Boolean& isRooted)
   at Avalonia.Data.Binding.InstanceCore(AvaloniaProperty targetProperty, AvaloniaObject target, Object anchor, Boolean enableDataValidation)
   at Avalonia.Data.Binding.Instance(AvaloniaObject target, AvaloniaProperty targetProperty, Object anchor)
   at Avalonia.Data.BindingBase.Avalonia.Data.Core.IBinding2.Instance(AvaloniaObject target, AvaloniaProperty property, Object anchor)
   at Avalonia.AvaloniaObject.Bind(AvaloniaProperty property, IBinding binding, Object anchor)
   at Avalonia.AvaloniaObject.Bind(AvaloniaProperty property, IBinding binding)
   at Avalonia.AvaloniaObjectExtensions.Bind(AvaloniaObject target, AvaloniaProperty property, IBinding binding, Object anchor)
   at NovaLite.UI.MainWindow.XamlClosure_1.Build_6(IServiceProvider) in C:\Users\Fynn\nova_lite\src\NovaLite.UI\MainWindow.xaml:line 174
   at Avalonia.Markup.Xaml.XamlIl.Runtime.XamlIlRuntimeHelpers.PointerDeferredContent`1.InvokeBuilder(IServiceProvider serviceProvider)
   at Avalonia.Markup.Xaml.XamlIl.Runtime.XamlIlRuntimeHelpers.DeferredContent`1.Build(IServiceProvider serviceProvider)
   at Avalonia.Markup.Xaml.Templates.TemplateContent.Load[T](Object templateContent)
   at Avalonia.Markup.Xaml.Templates.TemplateContent.Load(Object templateContent)
   at Avalonia.Markup.Xaml.Templates.DataTemplate.Build(Object data, Control existing)
   at Avalonia.Controls.Presenters.ContentPresenter.CreateChild(Object content, Control oldChild, IDataTemplate template)
   at Avalonia.Controls.Presenters.ContentPresenter.UpdateChild(Object content)
   at Avalonia.Controls.Presenters.ContentPresenter.UpdateChild()
   at Avalonia.Controls.Presenters.ContentPresenter.ApplyTemplate()
   at Avalonia.Layout.Layoutable.MeasureCore(Size availableSize)
   at Avalonia.Layout.Layoutable.Measure(Size availableSize)
   at Avalonia.Layout.Layoutable.MeasureOverride(Size availableSize)
   at Avalonia.Layout.Layoutable.MeasureCore(Size availableSize)
   at Avalonia.Layout.Layoutable.Measure(Size availableSize)
   at Avalonia.Controls.VirtualizingStackPanel.RealizeElements(IReadOnlyList`1 items, Size availableSize, MeasureViewport& viewport)
   at Avalonia.Controls.VirtualizingStackPanel.MeasureOverride(Size availableSize)
   at Avalonia.Layout.Layoutable.MeasureCore(Size availableSize)
   at Avalonia.Layout.Layoutable.Measure(Size availableSize)
   at Avalonia.Layout.LayoutManager.Measure(Layoutable control)
   at Avalonia.Layout.LayoutManager.ExecuteMeasurePass()
   at Avalonia.Layout.LayoutManager.InnerLayoutPass()
   at Avalonia.Layout.LayoutManager.ExecuteLayoutPass()
   at Avalonia.Layout.LayoutManager.ExecuteQueuedLayoutPass()
   at Avalonia.Media.MediaContext.FireInvokeOnRenderCallbacks()
   at Avalonia.Media.MediaContext.RenderCore()
   at Avalonia.Media.MediaContext.Render()
   at Avalonia.Threading.DispatcherOperation.InvokeCore()
   at Avalonia.Threading.DispatcherOperation.Execute()
   at Avalonia.Threading.Dispatcher.ExecuteJob(DispatcherOperation job)
   at Avalonia.Threading.Dispatcher.ExecuteJobsCore(Boolean fromExplicitBackgroundProcessingCallback)
   at Avalonia.Threading.Dispatcher.Signaled()
   at Avalonia.Win32.Win32DispatcherImpl.DispatchWorkItem()
   at Avalonia.Win32.Win32Platform.WndProc(IntPtr hWnd, UInt32 msg, IntPtr wParam, IntPtr lParam)
   at Avalonia.Win32.Interop.UnmanagedMethods.DispatchMessage(MSG& lpmsg)
   at Avalonia.Win32.Win32DispatcherImpl.RunLoop(CancellationToken cancellationToken)
   at Avalonia.Threading.DispatcherFrame.Run(IControlledDispatcherImpl impl)
   at Avalonia.Threading.Dispatcher.PushFrame(DispatcherFrame frame)
   at Avalonia.Threading.Dispatcher.MainLoop(CancellationToken cancellationToken)
   at Avalonia.Controls.ApplicationLifetimes.ClassicDesktopStyleApplicationLifetime.StartCore(String[] args)
   at Avalonia.Controls.ApplicationLifetimes.ClassicDesktopStyleApplicationLifetime.Start(String[] args)
   at Avalonia.ClassicDesktopStyleApplicationLifetimeExtensions.StartWithClassicDesktopLifetime(AppBuilder builder, String[] args, Action`1 lifetimeBuilder)
   at NovaLite.UI.Program.Main(String[] args) in C:\Users\Fynn\nova_lite\src\NovaLite.UI\Program.cs:line 27
2026-07-16 00:37:19.440 [INF]  NovaLite starting — version 1.0.0.0
2026-07-16 00:37:20.494 [FTL]  NovaLite terminated unexpectedly
System.ArgumentException: Unable to resolve type vm:MainWindowViewModel from any of the following locations: 
   at Avalonia.Markup.Xaml.XamlIl.Runtime.XamlIlRuntimeHelpers.XamlTypeResolver.Resolve(String qualifiedTypeName)
   at Avalonia.Markup.Xaml.Extensions.ResolveType(IServiceProvider ctx, String namespacePrefix, String type)
   at Avalonia.Markup.Parsers.ExpressionNodeFactory.LookupType(Func`3 typeResolver, String namespace, String name)
   at Avalonia.Markup.Parsers.ExpressionNodeFactory.CreateFromAst(List`1 astNodes, Func`3 typeResolver, INameScope nameScope, Boolean& isRooted)
   at Avalonia.Data.Binding.InstanceCore(AvaloniaProperty targetProperty, AvaloniaObject target, Object anchor, Boolean enableDataValidation)
   at Avalonia.Data.Binding.Instance(AvaloniaObject target, AvaloniaProperty targetProperty, Object anchor)
   at Avalonia.Data.BindingBase.Avalonia.Data.Core.IBinding2.Instance(AvaloniaObject target, AvaloniaProperty property, Object anchor)
   at Avalonia.AvaloniaObject.Bind(AvaloniaProperty property, IBinding binding, Object anchor)
   at Avalonia.AvaloniaObject.Bind(AvaloniaProperty property, IBinding binding)
   at Avalonia.AvaloniaObjectExtensions.Bind(AvaloniaObject target, AvaloniaProperty property, IBinding binding, Object anchor)
   at NovaLite.UI.MainWindow.XamlClosure_1.Build_6(IServiceProvider) in C:\Users\Fynn\nova_lite\src\NovaLite.UI\MainWindow.xaml:line 174
   at Avalonia.Markup.Xaml.XamlIl.Runtime.XamlIlRuntimeHelpers.PointerDeferredContent`1.InvokeBuilder(IServiceProvider serviceProvider)
   at Avalonia.Markup.Xaml.XamlIl.Runtime.XamlIlRuntimeHelpers.DeferredContent`1.Build(IServiceProvider serviceProvider)
   at Avalonia.Markup.Xaml.Templates.TemplateContent.Load[T](Object templateContent)
   at Avalonia.Markup.Xaml.Templates.TemplateContent.Load(Object templateContent)
   at Avalonia.Markup.Xaml.Templates.DataTemplate.Build(Object data, Control existing)
   at Avalonia.Controls.Presenters.ContentPresenter.CreateChild(Object content, Control oldChild, IDataTemplate template)
   at Avalonia.Controls.Presenters.ContentPresenter.UpdateChild(Object content)
   at Avalonia.Controls.Presenters.ContentPresenter.UpdateChild()
   at Avalonia.Controls.Presenters.ContentPresenter.ApplyTemplate()
   at Avalonia.Layout.Layoutable.MeasureCore(Size availableSize)
   at Avalonia.Layout.Layoutable.Measure(Size availableSize)
   at Avalonia.Layout.Layoutable.MeasureOverride(Size availableSize)
   at Avalonia.Layout.Layoutable.MeasureCore(Size availableSize)
   at Avalonia.Layout.Layoutable.Measure(Size availableSize)
   at Avalonia.Controls.VirtualizingStackPanel.RealizeElements(IReadOnlyList`1 items, Size availableSize, MeasureViewport& viewport)
   at Avalonia.Controls.VirtualizingStackPanel.MeasureOverride(Size availableSize)
   at Avalonia.Layout.Layoutable.MeasureCore(Size availableSize)
   at Avalonia.Layout.Layoutable.Measure(Size availableSize)
   at Avalonia.Layout.LayoutManager.Measure(Layoutable control)
   at Avalonia.Layout.LayoutManager.ExecuteMeasurePass()
   at Avalonia.Layout.LayoutManager.InnerLayoutPass()
   at Avalonia.Layout.LayoutManager.ExecuteLayoutPass()
   at Avalonia.Layout.LayoutManager.ExecuteQueuedLayoutPass()
   at Avalonia.Media.MediaContext.FireInvokeOnRenderCallbacks()
   at Avalonia.Media.MediaContext.RenderCore()
   at Avalonia.Media.MediaContext.Render()
   at Avalonia.Threading.DispatcherOperation.InvokeCore()
   at Avalonia.Threading.DispatcherOperation.Execute()
   at Avalonia.Threading.Dispatcher.ExecuteJob(DispatcherOperation job)
   at Avalonia.Threading.Dispatcher.ExecuteJobsCore(Boolean fromExplicitBackgroundProcessingCallback)
   at Avalonia.Threading.Dispatcher.Signaled()
   at Avalonia.Win32.Win32DispatcherImpl.DispatchWorkItem()
   at Avalonia.Win32.Win32Platform.WndProc(IntPtr hWnd, UInt32 msg, IntPtr wParam, IntPtr lParam)
   at Avalonia.Win32.Interop.UnmanagedMethods.DispatchMessage(MSG& lpmsg)
   at Avalonia.Win32.Win32DispatcherImpl.RunLoop(CancellationToken cancellationToken)
   at Avalonia.Threading.DispatcherFrame.Run(IControlledDispatcherImpl impl)
   at Avalonia.Threading.Dispatcher.PushFrame(DispatcherFrame frame)
   at Avalonia.Threading.Dispatcher.MainLoop(CancellationToken cancellationToken)
   at Avalonia.Controls.ApplicationLifetimes.ClassicDesktopStyleApplicationLifetime.StartCore(String[] args)
   at Avalonia.Controls.ApplicationLifetimes.ClassicDesktopStyleApplicationLifetime.Start(String[] args)
   at Avalonia.ClassicDesktopStyleApplicationLifetimeExtensions.StartWithClassicDesktopLifetime(AppBuilder builder, String[] args, Action`1 lifetimeBuilder)
   at NovaLite.UI.Program.Main(String[] args) in C:\Users\Fynn\nova_lite\src\NovaLite.UI\Program.cs:line 27
2026-07-16 00:38:06.262 [INF]  NovaLite starting — version 1.0.0.0
2026-07-16 00:38:07.300 [FTL]  NovaLite terminated unexpectedly
System.ArgumentException: Unable to resolve type vm:MainWindowViewModel from any of the following locations: 
   at Avalonia.Markup.Xaml.XamlIl.Runtime.XamlIlRuntimeHelpers.XamlTypeResolver.Resolve(String qualifiedTypeName)
   at Avalonia.Markup.Xaml.Extensions.ResolveType(IServiceProvider ctx, String namespacePrefix, String type)
   at Avalonia.Markup.Parsers.ExpressionNodeFactory.LookupType(Func`3 typeResolver, String namespace, String name)
   at Avalonia.Markup.Parsers.ExpressionNodeFactory.CreateFromAst(List`1 astNodes, Func`3 typeResolver, INameScope nameScope, Boolean& isRooted)
   at Avalonia.Data.Binding.InstanceCore(AvaloniaProperty targetProperty, AvaloniaObject target, Object anchor, Boolean enableDataValidation)
   at Avalonia.Data.Binding.Instance(AvaloniaObject target, AvaloniaProperty targetProperty, Object anchor)
   at Avalonia.Data.BindingBase.Avalonia.Data.Core.IBinding2.Instance(AvaloniaObject target, AvaloniaProperty property, Object anchor)
   at Avalonia.AvaloniaObject.Bind(AvaloniaProperty property, IBinding binding, Object anchor)
   at Avalonia.AvaloniaObject.Bind(AvaloniaProperty property, IBinding binding)
   at Avalonia.AvaloniaObjectExtensions.Bind(AvaloniaObject target, AvaloniaProperty property, IBinding binding, Object anchor)
   at NovaLite.UI.MainWindow.XamlClosure_1.Build_6(IServiceProvider) in C:\Users\Fynn\nova_lite\src\NovaLite.UI\MainWindow.xaml:line 174
   at Avalonia.Markup.Xaml.XamlIl.Runtime.XamlIlRuntimeHelpers.PointerDeferredContent`1.InvokeBuilder(IServiceProvider serviceProvider)
   at Avalonia.Markup.Xaml.XamlIl.Runtime.XamlIlRuntimeHelpers.DeferredContent`1.Build(IServiceProvider serviceProvider)
   at Avalonia.Markup.Xaml.Templates.TemplateContent.Load[T](Object templateContent)
   at Avalonia.Markup.Xaml.Templates.TemplateContent.Load(Object templateContent)
   at Avalonia.Markup.Xaml.Templates.DataTemplate.Build(Object data, Control existing)
   at Avalonia.Controls.Presenters.ContentPresenter.CreateChild(Object content, Control oldChild, IDataTemplate template)
   at Avalonia.Controls.Presenters.ContentPresenter.UpdateChild(Object content)
   at Avalonia.Controls.Presenters.ContentPresenter.UpdateChild()
   at Avalonia.Controls.Presenters.ContentPresenter.ApplyTemplate()
   at Avalonia.Layout.Layoutable.MeasureCore(Size availableSize)
   at Avalonia.Layout.Layoutable.Measure(Size availableSize)
   at Avalonia.Layout.Layoutable.MeasureOverride(Size availableSize)
   at Avalonia.Layout.Layoutable.MeasureCore(Size availableSize)
   at Avalonia.Layout.Layoutable.Measure(Size availableSize)
   at Avalonia.Controls.VirtualizingStackPanel.RealizeElements(IReadOnlyList`1 items, Size availableSize, MeasureViewport& viewport)
   at Avalonia.Controls.VirtualizingStackPanel.MeasureOverride(Size availableSize)
   at Avalonia.Layout.Layoutable.MeasureCore(Size availableSize)
   at Avalonia.Layout.Layoutable.Measure(Size availableSize)
   at Avalonia.Layout.LayoutManager.Measure(Layoutable control)
   at Avalonia.Layout.LayoutManager.ExecuteMeasurePass()
   at Avalonia.Layout.LayoutManager.InnerLayoutPass()
   at Avalonia.Layout.LayoutManager.ExecuteLayoutPass()
   at Avalonia.Layout.LayoutManager.ExecuteQueuedLayoutPass()
   at Avalonia.Media.MediaContext.FireInvokeOnRenderCallbacks()
   at Avalonia.Media.MediaContext.RenderCore()
   at Avalonia.Media.MediaContext.Render()
   at Avalonia.Threading.DispatcherOperation.InvokeCore()
   at Avalonia.Threading.DispatcherOperation.Execute()
   at Avalonia.Threading.Dispatcher.ExecuteJob(DispatcherOperation job)
   at Avalonia.Threading.Dispatcher.ExecuteJobsCore(Boolean fromExplicitBackgroundProcessingCallback)
   at Avalonia.Threading.Dispatcher.Signaled()
   at Avalonia.Win32.Win32DispatcherImpl.DispatchWorkItem()
   at Avalonia.Win32.Win32Platform.WndProc(IntPtr hWnd, UInt32 msg, IntPtr wParam, IntPtr lParam)
   at Avalonia.Win32.Interop.UnmanagedMethods.DispatchMessage(MSG& lpmsg)
   at Avalonia.Win32.Win32DispatcherImpl.RunLoop(CancellationToken cancellationToken)
   at Avalonia.Threading.DispatcherFrame.Run(IControlledDispatcherImpl impl)
   at Avalonia.Threading.Dispatcher.PushFrame(DispatcherFrame frame)
   at Avalonia.Threading.Dispatcher.MainLoop(CancellationToken cancellationToken)
   at Avalonia.Controls.ApplicationLifetimes.ClassicDesktopStyleApplicationLifetime.StartCore(String[] args)
   at Avalonia.Controls.ApplicationLifetimes.ClassicDesktopStyleApplicationLifetime.Start(String[] args)
   at Avalonia.ClassicDesktopStyleApplicationLifetimeExtensions.StartWithClassicDesktopLifetime(AppBuilder builder, String[] args, Action`1 lifetimeBuilder)
   at NovaLite.UI.Program.Main(String[] args) in C:\Users\Fynn\nova_lite\src\NovaLite.UI\Program.cs:line 27
2026-07-16 00:41:25.169 [INF]  NovaLite starting — version 1.0.0.0
2026-07-16 00:41:26.213 [FTL]  NovaLite terminated unexpectedly
System.ArgumentException: Unable to resolve type vm:MainWindowViewModel from any of the following locations: 
   at Avalonia.Markup.Xaml.XamlIl.Runtime.XamlIlRuntimeHelpers.XamlTypeResolver.Resolve(String qualifiedTypeName)
   at Avalonia.Markup.Xaml.Extensions.ResolveType(IServiceProvider ctx, String namespacePrefix, String type)
   at Avalonia.Markup.Parsers.ExpressionNodeFactory.LookupType(Func`3 typeResolver, String namespace, String name)
   at Avalonia.Markup.Parsers.ExpressionNodeFactory.CreateFromAst(List`1 astNodes, Func`3 typeResolver, INameScope nameScope, Boolean& isRooted)
   at Avalonia.Data.Binding.InstanceCore(AvaloniaProperty targetProperty, AvaloniaObject target, Object anchor, Boolean enableDataValidation)
   at Avalonia.Data.Binding.Instance(AvaloniaObject target, AvaloniaProperty targetProperty, Object anchor)
   at Avalonia.Data.BindingBase.Avalonia.Data.Core.IBinding2.Instance(AvaloniaObject target, AvaloniaProperty property, Object anchor)
   at Avalonia.AvaloniaObject.Bind(AvaloniaProperty property, IBinding binding, Object anchor)
   at Avalonia.AvaloniaObject.Bind(AvaloniaProperty property, IBinding binding)
   at Avalonia.AvaloniaObjectExtensions.Bind(AvaloniaObject target, AvaloniaProperty property, IBinding binding, Object anchor)
   at NovaLite.UI.MainWindow.XamlClosure_1.Build_6(IServiceProvider) in C:\Users\Fynn\nova_lite\src\NovaLite.UI\MainWindow.xaml:line 174
   at Avalonia.Markup.Xaml.XamlIl.Runtime.XamlIlRuntimeHelpers.PointerDeferredContent`1.InvokeBuilder(IServiceProvider serviceProvider)
   at Avalonia.Markup.Xaml.XamlIl.Runtime.XamlIlRuntimeHelpers.DeferredContent`1.Build(IServiceProvider serviceProvider)
   at Avalonia.Markup.Xaml.Templates.TemplateContent.Load[T](Object templateContent)
   at Avalonia.Markup.Xaml.Templates.TemplateContent.Load(Object templateContent)
   at Avalonia.Markup.Xaml.Templates.DataTemplate.Build(Object data, Control existing)
   at Avalonia.Controls.Presenters.ContentPresenter.CreateChild(Object content, Control oldChild, IDataTemplate template)
   at Avalonia.Controls.Presenters.ContentPresenter.UpdateChild(Object content)
   at Avalonia.Controls.Presenters.ContentPresenter.UpdateChild()
   at Avalonia.Controls.Presenters.ContentPresenter.ApplyTemplate()
   at Avalonia.Layout.Layoutable.MeasureCore(Size availableSize)
   at Avalonia.Layout.Layoutable.Measure(Size availableSize)
   at Avalonia.Layout.Layoutable.MeasureOverride(Size availableSize)
   at Avalonia.Layout.Layoutable.MeasureCore(Size availableSize)
   at Avalonia.Layout.Layoutable.Measure(Size availableSize)
   at Avalonia.Controls.VirtualizingStackPanel.RealizeElements(IReadOnlyList`1 items, Size availableSize, MeasureViewport& viewport)
   at Avalonia.Controls.VirtualizingStackPanel.MeasureOverride(Size availableSize)
   at Avalonia.Layout.Layoutable.MeasureCore(Size availableSize)
   at Avalonia.Layout.Layoutable.Measure(Size availableSize)
   at Avalonia.Layout.LayoutManager.Measure(Layoutable control)
   at Avalonia.Layout.LayoutManager.ExecuteMeasurePass()
   at Avalonia.Layout.LayoutManager.InnerLayoutPass()
   at Avalonia.Layout.LayoutManager.ExecuteLayoutPass()
   at Avalonia.Layout.LayoutManager.ExecuteQueuedLayoutPass()
   at Avalonia.Media.MediaContext.FireInvokeOnRenderCallbacks()
   at Avalonia.Media.MediaContext.RenderCore()
   at Avalonia.Media.MediaContext.Render()
   at Avalonia.Threading.DispatcherOperation.InvokeCore()
   at Avalonia.Threading.DispatcherOperation.Execute()
   at Avalonia.Threading.Dispatcher.ExecuteJob(DispatcherOperation job)
   at Avalonia.Threading.Dispatcher.ExecuteJobsCore(Boolean fromExplicitBackgroundProcessingCallback)
   at Avalonia.Threading.Dispatcher.Signaled()
   at Avalonia.Win32.Win32DispatcherImpl.DispatchWorkItem()
   at Avalonia.Win32.Win32Platform.WndProc(IntPtr hWnd, UInt32 msg, IntPtr wParam, IntPtr lParam)
   at Avalonia.Win32.Interop.UnmanagedMethods.DispatchMessage(MSG& lpmsg)
   at Avalonia.Win32.Win32DispatcherImpl.RunLoop(CancellationToken cancellationToken)
   at Avalonia.Threading.DispatcherFrame.Run(IControlledDispatcherImpl impl)
   at Avalonia.Threading.Dispatcher.PushFrame(DispatcherFrame frame)
   at Avalonia.Threading.Dispatcher.MainLoop(CancellationToken cancellationToken)
   at Avalonia.Controls.ApplicationLifetimes.ClassicDesktopStyleApplicationLifetime.StartCore(String[] args)
   at Avalonia.Controls.ApplicationLifetimes.ClassicDesktopStyleApplicationLifetime.Start(String[] args)
   at Avalonia.ClassicDesktopStyleApplicationLifetimeExtensions.StartWithClassicDesktopLifetime(AppBuilder builder, String[] args, Action`1 lifetimeBuilder)
   at NovaLite.UI.Program.Main(String[] args) in C:\Users\Fynn\nova_lite\src\NovaLite.UI\Program.cs:line 27
2026-07-16 00:47:06.314 [INF]  NovaLite starting — version 1.0.0.0
2026-07-16 00:57:27.164 [INF]  NovaLite starting — version 1.0.0.0
2026-07-16 00:57:28.087 [FTL]  NovaLite terminated unexpectedly
System.ArgumentException: Unable to resolve type vm:MainWindowViewModel from any of the following locations: 
   at Avalonia.Markup.Xaml.XamlIl.Runtime.XamlIlRuntimeHelpers.XamlTypeResolver.Resolve(String qualifiedTypeName)
   at Avalonia.Markup.Xaml.Extensions.ResolveType(IServiceProvider ctx, String namespacePrefix, String type)
   at Avalonia.Markup.Parsers.ExpressionNodeFactory.LookupType(Func`3 typeResolver, String namespace, String name)
   at Avalonia.Markup.Parsers.ExpressionNodeFactory.CreateFromAst(List`1 astNodes, Func`3 typeResolver, INameScope nameScope, Boolean& isRooted)
   at Avalonia.Data.Binding.InstanceCore(AvaloniaProperty targetProperty, AvaloniaObject target, Object anchor, Boolean enableDataValidation)
   at Avalonia.Data.Binding.Instance(AvaloniaObject target, AvaloniaProperty targetProperty, Object anchor)
   at Avalonia.Data.BindingBase.Avalonia.Data.Core.IBinding2.Instance(AvaloniaObject target, AvaloniaProperty property, Object anchor)
   at Avalonia.AvaloniaObject.Bind(AvaloniaProperty property, IBinding binding, Object anchor)
   at Avalonia.AvaloniaObject.Bind(AvaloniaProperty property, IBinding binding)
   at Avalonia.AvaloniaObjectExtensions.Bind(AvaloniaObject target, AvaloniaProperty property, IBinding binding, Object anchor)
   at NovaLite.UI.MainWindow.XamlClosure_1.Build_6(IServiceProvider) in C:\Users\Fynn\nova_lite\src\NovaLite.UI\MainWindow.xaml:line 146
   at Avalonia.Markup.Xaml.XamlIl.Runtime.XamlIlRuntimeHelpers.PointerDeferredContent`1.InvokeBuilder(IServiceProvider serviceProvider)
   at Avalonia.Markup.Xaml.XamlIl.Runtime.XamlIlRuntimeHelpers.DeferredContent`1.Build(IServiceProvider serviceProvider)
   at Avalonia.Markup.Xaml.Templates.TemplateContent.Load[T](Object templateContent)
   at Avalonia.Markup.Xaml.Templates.TemplateContent.Load(Object templateContent)
   at Avalonia.Markup.Xaml.Templates.DataTemplate.Build(Object data, Control existing)
   at Avalonia.Controls.Presenters.ContentPresenter.CreateChild(Object content, Control oldChild, IDataTemplate template)
   at Avalonia.Controls.Presenters.ContentPresenter.UpdateChild(Object content)
   at Avalonia.Controls.Presenters.ContentPresenter.UpdateChild()
   at Avalonia.Controls.Presenters.ContentPresenter.ApplyTemplate()
   at Avalonia.Layout.Layoutable.MeasureCore(Size availableSize)
   at Avalonia.Layout.Layoutable.Measure(Size availableSize)
   at Avalonia.Layout.Layoutable.MeasureOverride(Size availableSize)
   at Avalonia.Layout.Layoutable.MeasureCore(Size availableSize)
   at Avalonia.Layout.Layoutable.Measure(Size availableSize)
   at Avalonia.Controls.VirtualizingStackPanel.RealizeElements(IReadOnlyList`1 items, Size availableSize, MeasureViewport& viewport)
   at Avalonia.Controls.VirtualizingStackPanel.MeasureOverride(Size availableSize)
   at Avalonia.Layout.Layoutable.MeasureCore(Size availableSize)
   at Avalonia.Layout.Layoutable.Measure(Size availableSize)
   at Avalonia.Layout.LayoutManager.Measure(Layoutable control)
   at Avalonia.Layout.LayoutManager.ExecuteMeasurePass()
   at Avalonia.Layout.LayoutManager.InnerLayoutPass()
   at Avalonia.Layout.LayoutManager.ExecuteLayoutPass()
   at Avalonia.Layout.LayoutManager.ExecuteQueuedLayoutPass()
   at Avalonia.Media.MediaContext.FireInvokeOnRenderCallbacks()
   at Avalonia.Media.MediaContext.RenderCore()
   at Avalonia.Media.MediaContext.Render()
   at Avalonia.Threading.DispatcherOperation.InvokeCore()
   at Avalonia.Threading.DispatcherOperation.Execute()
   at Avalonia.Threading.Dispatcher.ExecuteJob(DispatcherOperation job)
   at Avalonia.Threading.Dispatcher.ExecuteJobsCore(Boolean fromExplicitBackgroundProcessingCallback)
   at Avalonia.Threading.Dispatcher.Signaled()
   at Avalonia.Win32.Win32DispatcherImpl.DispatchWorkItem()
   at Avalonia.Win32.Win32Platform.WndProc(IntPtr hWnd, UInt32 msg, IntPtr wParam, IntPtr lParam)
   at Avalonia.Win32.Interop.UnmanagedMethods.DispatchMessage(MSG& lpmsg)
   at Avalonia.Win32.Win32DispatcherImpl.RunLoop(CancellationToken cancellationToken)
   at Avalonia.Threading.DispatcherFrame.Run(IControlledDispatcherImpl impl)
   at Avalonia.Threading.Dispatcher.PushFrame(DispatcherFrame frame)
   at Avalonia.Threading.Dispatcher.MainLoop(CancellationToken cancellationToken)
   at Avalonia.Controls.ApplicationLifetimes.ClassicDesktopStyleApplicationLifetime.StartCore(String[] args)
   at Avalonia.Controls.ApplicationLifetimes.ClassicDesktopStyleApplicationLifetime.Start(String[] args)
   at Avalonia.ClassicDesktopStyleApplicationLifetimeExtensions.StartWithClassicDesktopLifetime(AppBuilder builder, String[] args, Action`1 lifetimeBuilder)
   at NovaLite.UI.Program.Main(String[] args) in C:\Users\Fynn\nova_lite\src\NovaLite.UI\Program.cs:line 27
2026-07-16 01:10:27.477 [INF]  NovaLite starting — version 1.0.0.0
2026-07-16 01:10:28.372 [FTL]  NovaLite terminated unexpectedly
System.ArgumentException: Unable to resolve type vm:MainWindowViewModel from any of the following locations: 
   at Avalonia.Markup.Xaml.XamlIl.Runtime.XamlIlRuntimeHelpers.XamlTypeResolver.Resolve(String qualifiedTypeName)
   at Avalonia.Markup.Xaml.Extensions.ResolveType(IServiceProvider ctx, String namespacePrefix, String type)
   at Avalonia.Markup.Parsers.ExpressionNodeFactory.LookupType(Func`3 typeResolver, String namespace, String name)
   at Avalonia.Markup.Parsers.ExpressionNodeFactory.CreateFromAst(List`1 astNodes, Func`3 typeResolver, INameScope nameScope, Boolean& isRooted)
   at Avalonia.Data.Binding.InstanceCore(AvaloniaProperty targetProperty, AvaloniaObject target, Object anchor, Boolean enableDataValidation)
   at Avalonia.Data.Binding.Instance(AvaloniaObject target, AvaloniaProperty targetProperty, Object anchor)
   at Avalonia.Data.BindingBase.Avalonia.Data.Core.IBinding2.Instance(AvaloniaObject target, AvaloniaProperty property, Object anchor)
   at Avalonia.AvaloniaObject.Bind(AvaloniaProperty property, IBinding binding, Object anchor)
   at Avalonia.AvaloniaObject.Bind(AvaloniaProperty property, IBinding binding)
   at Avalonia.AvaloniaObjectExtensions.Bind(AvaloniaObject target, AvaloniaProperty property, IBinding binding, Object anchor)
   at NovaLite.UI.MainWindow.XamlClosure_1.Build_6(IServiceProvider) in C:\Users\Fynn\nova_lite\src\NovaLite.UI\MainWindow.xaml:line 146
   at Avalonia.Markup.Xaml.XamlIl.Runtime.XamlIlRuntimeHelpers.PointerDeferredContent`1.InvokeBuilder(IServiceProvider serviceProvider)
   at Avalonia.Markup.Xaml.XamlIl.Runtime.XamlIlRuntimeHelpers.DeferredContent`1.Build(IServiceProvider serviceProvider)
   at Avalonia.Markup.Xaml.Templates.TemplateContent.Load[T](Object templateContent)
   at Avalonia.Markup.Xaml.Templates.TemplateContent.Load(Object templateContent)
   at Avalonia.Markup.Xaml.Templates.DataTemplate.Build(Object data, Control existing)
   at Avalonia.Controls.Presenters.ContentPresenter.CreateChild(Object content, Control oldChild, IDataTemplate template)
   at Avalonia.Controls.Presenters.ContentPresenter.UpdateChild(Object content)
   at Avalonia.Controls.Presenters.ContentPresenter.UpdateChild()
   at Avalonia.Controls.Presenters.ContentPresenter.ApplyTemplate()
   at Avalonia.Layout.Layoutable.MeasureCore(Size availableSize)
   at Avalonia.Layout.Layoutable.Measure(Size availableSize)
   at Avalonia.Layout.Layoutable.MeasureOverride(Size availableSize)
   at Avalonia.Layout.Layoutable.MeasureCore(Size availableSize)
   at Avalonia.Layout.Layoutable.Measure(Size availableSize)
   at Avalonia.Controls.VirtualizingStackPanel.RealizeElements(IReadOnlyList`1 items, Size availableSize, MeasureViewport& viewport)
   at Avalonia.Controls.VirtualizingStackPanel.MeasureOverride(Size availableSize)
   at Avalonia.Layout.Layoutable.MeasureCore(Size availableSize)
   at Avalonia.Layout.Layoutable.Measure(Size availableSize)
   at Avalonia.Layout.LayoutManager.Measure(Layoutable control)
   at Avalonia.Layout.LayoutManager.ExecuteMeasurePass()
   at Avalonia.Layout.LayoutManager.InnerLayoutPass()
   at Avalonia.Layout.LayoutManager.ExecuteLayoutPass()
   at Avalonia.Layout.LayoutManager.ExecuteQueuedLayoutPass()
   at Avalonia.Media.MediaContext.FireInvokeOnRenderCallbacks()
   at Avalonia.Media.MediaContext.RenderCore()
   at Avalonia.Media.MediaContext.Render()
   at Avalonia.Threading.DispatcherOperation.InvokeCore()
   at Avalonia.Threading.DispatcherOperation.Execute()
   at Avalonia.Threading.Dispatcher.ExecuteJob(DispatcherOperation job)
   at Avalonia.Threading.Dispatcher.ExecuteJobsCore(Boolean fromExplicitBackgroundProcessingCallback)
   at Avalonia.Threading.Dispatcher.Signaled()
   at Avalonia.Win32.Win32DispatcherImpl.DispatchWorkItem()
   at Avalonia.Win32.Win32Platform.WndProc(IntPtr hWnd, UInt32 msg, IntPtr wParam, IntPtr lParam)
   at Avalonia.Win32.Interop.UnmanagedMethods.DispatchMessage(MSG& lpmsg)
   at Avalonia.Win32.Win32DispatcherImpl.RunLoop(CancellationToken cancellationToken)
   at Avalonia.Threading.DispatcherFrame.Run(IControlledDispatcherImpl impl)
   at Avalonia.Threading.Dispatcher.PushFrame(DispatcherFrame frame)
   at Avalonia.Threading.Dispatcher.MainLoop(CancellationToken cancellationToken)
   at Avalonia.Controls.ApplicationLifetimes.ClassicDesktopStyleApplicationLifetime.StartCore(String[] args)
   at Avalonia.Controls.ApplicationLifetimes.ClassicDesktopStyleApplicationLifetime.Start(String[] args)
   at Avalonia.ClassicDesktopStyleApplicationLifetimeExtensions.StartWithClassicDesktopLifetime(AppBuilder builder, String[] args, Action`1 lifetimeBuilder)
   at NovaLite.UI.Program.Main(String[] args) in C:\Users\Fynn\nova_lite\src\NovaLite.UI\Program.cs:line 27
2026-07-16 08:04:14.534 [INF]  NovaLite starting — version 1.0.0.0
2026-07-16 08:04:15.615 [FTL]  NovaLite terminated unexpectedly
System.ArgumentException: Unable to resolve type vm:MainWindowViewModel from any of the following locations: 
   at Avalonia.Markup.Xaml.XamlIl.Runtime.XamlIlRuntimeHelpers.XamlTypeResolver.Resolve(String qualifiedTypeName)
   at Avalonia.Markup.Xaml.Extensions.ResolveType(IServiceProvider ctx, String namespacePrefix, String type)
   at Avalonia.Markup.Parsers.ExpressionNodeFactory.LookupType(Func`3 typeResolver, String namespace, String name)
   at Avalonia.Markup.Parsers.ExpressionNodeFactory.CreateFromAst(List`1 astNodes, Func`3 typeResolver, INameScope nameScope, Boolean& isRooted)
   at Avalonia.Data.Binding.InstanceCore(AvaloniaProperty targetProperty, AvaloniaObject target, Object anchor, Boolean enableDataValidation)
   at Avalonia.Data.Binding.Instance(AvaloniaObject target, AvaloniaProperty targetProperty, Object anchor)
   at Avalonia.Data.BindingBase.Avalonia.Data.Core.IBinding2.Instance(AvaloniaObject target, AvaloniaProperty property, Object anchor)
   at Avalonia.AvaloniaObject.Bind(AvaloniaProperty property, IBinding binding, Object anchor)
   at Avalonia.AvaloniaObject.Bind(AvaloniaProperty property, IBinding binding)
   at Avalonia.AvaloniaObjectExtensions.Bind(AvaloniaObject target, AvaloniaProperty property, IBinding binding, Object anchor)
   at NovaLite.UI.MainWindow.XamlClosure_1.Build_6(IServiceProvider) in C:\Users\Fynn\nova_lite\src\NovaLite.UI\MainWindow.xaml:line 146
   at Avalonia.Markup.Xaml.XamlIl.Runtime.XamlIlRuntimeHelpers.PointerDeferredContent`1.InvokeBuilder(IServiceProvider serviceProvider)
   at Avalonia.Markup.Xaml.XamlIl.Runtime.XamlIlRuntimeHelpers.DeferredContent`1.Build(IServiceProvider serviceProvider)
   at Avalonia.Markup.Xaml.Templates.TemplateContent.Load[T](Object templateContent)
   at Avalonia.Markup.Xaml.Templates.TemplateContent.Load(Object templateContent)
   at Avalonia.Markup.Xaml.Templates.DataTemplate.Build(Object data, Control existing)
   at Avalonia.Controls.Presenters.ContentPresenter.CreateChild(Object content, Control oldChild, IDataTemplate template)
   at Avalonia.Controls.Presenters.ContentPresenter.UpdateChild(Object content)
   at Avalonia.Controls.Presenters.ContentPresenter.UpdateChild()
   at Avalonia.Controls.Presenters.ContentPresenter.ApplyTemplate()
   at Avalonia.Layout.Layoutable.MeasureCore(Size availableSize)
   at Avalonia.Layout.Layoutable.Measure(Size availableSize)
   at Avalonia.Layout.Layoutable.MeasureOverride(Size availableSize)
   at Avalonia.Layout.Layoutable.MeasureCore(Size availableSize)
   at Avalonia.Layout.Layoutable.Measure(Size availableSize)
   at Avalonia.Controls.VirtualizingStackPanel.RealizeElements(IReadOnlyList`1 items, Size availableSize, MeasureViewport& viewport)
   at Avalonia.Controls.VirtualizingStackPanel.MeasureOverride(Size availableSize)
   at Avalonia.Layout.Layoutable.MeasureCore(Size availableSize)
   at Avalonia.Layout.Layoutable.Measure(Size availableSize)
   at Avalonia.Layout.LayoutManager.Measure(Layoutable control)
   at Avalonia.Layout.LayoutManager.ExecuteMeasurePass()
   at Avalonia.Layout.LayoutManager.InnerLayoutPass()
   at Avalonia.Layout.LayoutManager.ExecuteLayoutPass()
   at Avalonia.Layout.LayoutManager.ExecuteQueuedLayoutPass()
   at Avalonia.Media.MediaContext.FireInvokeOnRenderCallbacks()
   at Avalonia.Media.MediaContext.RenderCore()
   at Avalonia.Media.MediaContext.Render()
   at Avalonia.Threading.DispatcherOperation.InvokeCore()
   at Avalonia.Threading.DispatcherOperation.Execute()
   at Avalonia.Threading.Dispatcher.ExecuteJob(DispatcherOperation job)
   at Avalonia.Threading.Dispatcher.ExecuteJobsCore(Boolean fromExplicitBackgroundProcessingCallback)
   at Avalonia.Threading.Dispatcher.Signaled()
   at Avalonia.Win32.Win32DispatcherImpl.DispatchWorkItem()
   at Avalonia.Win32.Win32Platform.WndProc(IntPtr hWnd, UInt32 msg, IntPtr wParam, IntPtr lParam)
   at Avalonia.Win32.Interop.UnmanagedMethods.DispatchMessage(MSG& lpmsg)
   at Avalonia.Win32.Win32DispatcherImpl.RunLoop(CancellationToken cancellationToken)
   at Avalonia.Threading.DispatcherFrame.Run(IControlledDispatcherImpl impl)
   at Avalonia.Threading.Dispatcher.PushFrame(DispatcherFrame frame)
   at Avalonia.Threading.Dispatcher.MainLoop(CancellationToken cancellationToken)
   at Avalonia.Controls.ApplicationLifetimes.ClassicDesktopStyleApplicationLifetime.StartCore(String[] args)
   at Avalonia.Controls.ApplicationLifetimes.ClassicDesktopStyleApplicationLifetime.Start(String[] args)
   at Avalonia.ClassicDesktopStyleApplicationLifetimeExtensions.StartWithClassicDesktopLifetime(AppBuilder builder, String[] args, Action`1 lifetimeBuilder)
   at NovaLite.UI.Program.Main(String[] args) in C:\Users\Fynn\nova_lite\src\NovaLite.UI\Program.cs:line 27
2026-07-16 13:04:40.724 [INF]  NovaLite starting — version 1.0.0.0
2026-07-16 13:04:42.446 [FTL]  NovaLite terminated unexpectedly
System.ArgumentException: Unable to resolve type vm:MainWindowViewModel from any of the following locations: 
   at Avalonia.Markup.Xaml.XamlIl.Runtime.XamlIlRuntimeHelpers.XamlTypeResolver.Resolve(String qualifiedTypeName)
   at Avalonia.Markup.Xaml.Extensions.ResolveType(IServiceProvider ctx, String namespacePrefix, String type)
   at Avalonia.Markup.Parsers.ExpressionNodeFactory.LookupType(Func`3 typeResolver, String namespace, String name)
   at Avalonia.Markup.Parsers.ExpressionNodeFactory.CreateFromAst(List`1 astNodes, Func`3 typeResolver, INameScope nameScope, Boolean& isRooted)
   at Avalonia.Data.Binding.InstanceCore(AvaloniaProperty targetProperty, AvaloniaObject target, Object anchor, Boolean enableDataValidation)
   at Avalonia.Data.Binding.Instance(AvaloniaObject target, AvaloniaProperty targetProperty, Object anchor)
   at Avalonia.Data.BindingBase.Avalonia.Data.Core.IBinding2.Instance(AvaloniaObject target, AvaloniaProperty property, Object anchor)
   at Avalonia.AvaloniaObject.Bind(AvaloniaProperty property, IBinding binding, Object anchor)
   at Avalonia.AvaloniaObject.Bind(AvaloniaProperty property, IBinding binding)
   at Avalonia.AvaloniaObjectExtensions.Bind(AvaloniaObject target, AvaloniaProperty property, IBinding binding, Object anchor)
   at NovaLite.UI.MainWindow.XamlClosure_1.Build_6(IServiceProvider) in C:\Users\Fynn\nova_lite\src\NovaLite.UI\MainWindow.xaml:line 146
   at Avalonia.Markup.Xaml.XamlIl.Runtime.XamlIlRuntimeHelpers.PointerDeferredContent`1.InvokeBuilder(IServiceProvider serviceProvider)
   at Avalonia.Markup.Xaml.XamlIl.Runtime.XamlIlRuntimeHelpers.DeferredContent`1.Build(IServiceProvider serviceProvider)
   at Avalonia.Markup.Xaml.Templates.TemplateContent.Load[T](Object templateContent)
   at Avalonia.Markup.Xaml.Templates.TemplateContent.Load(Object templateContent)
   at Avalonia.Markup.Xaml.Templates.DataTemplate.Build(Object data, Control existing)
   at Avalonia.Controls.Presenters.ContentPresenter.CreateChild(Object content, Control oldChild, IDataTemplate template)
   at Avalonia.Controls.Presenters.ContentPresenter.UpdateChild(Object content)
   at Avalonia.Controls.Presenters.ContentPresenter.UpdateChild()
   at Avalonia.Controls.Presenters.ContentPresenter.ApplyTemplate()
   at Avalonia.Layout.Layoutable.MeasureCore(Size availableSize)
   at Avalonia.Layout.Layoutable.Measure(Size availableSize)
   at Avalonia.Layout.Layoutable.MeasureOverride(Size availableSize)
   at Avalonia.Layout.Layoutable.MeasureCore(Size availableSize)
   at Avalonia.Layout.Layoutable.Measure(Size availableSize)
   at Avalonia.Controls.VirtualizingStackPanel.RealizeElements(IReadOnlyList`1 items, Size availableSize, MeasureViewport& viewport)
   at Avalonia.Controls.VirtualizingStackPanel.MeasureOverride(Size availableSize)
   at Avalonia.Layout.Layoutable.MeasureCore(Size availableSize)
   at Avalonia.Layout.Layoutable.Measure(Size availableSize)
   at Avalonia.Layout.LayoutManager.Measure(Layoutable control)
   at Avalonia.Layout.LayoutManager.ExecuteMeasurePass()
   at Avalonia.Layout.LayoutManager.InnerLayoutPass()
   at Avalonia.Layout.LayoutManager.ExecuteLayoutPass()
   at Avalonia.Layout.LayoutManager.ExecuteQueuedLayoutPass()
   at Avalonia.Media.MediaContext.FireInvokeOnRenderCallbacks()
   at Avalonia.Media.MediaContext.RenderCore()
   at Avalonia.Media.MediaContext.Render()
   at Avalonia.Threading.DispatcherOperation.InvokeCore()
   at Avalonia.Threading.DispatcherOperation.Execute()
   at Avalonia.Threading.Dispatcher.ExecuteJob(DispatcherOperation job)
   at Avalonia.Threading.Dispatcher.ExecuteJobsCore(Boolean fromExplicitBackgroundProcessingCallback)
   at Avalonia.Threading.Dispatcher.Signaled()
   at Avalonia.Win32.Win32DispatcherImpl.DispatchWorkItem()
   at Avalonia.Win32.Win32Platform.WndProc(IntPtr hWnd, UInt32 msg, IntPtr wParam, IntPtr lParam)
   at Avalonia.Win32.Interop.UnmanagedMethods.DispatchMessage(MSG& lpmsg)
   at Avalonia.Win32.Win32DispatcherImpl.RunLoop(CancellationToken cancellationToken)
   at Avalonia.Threading.DispatcherFrame.Run(IControlledDispatcherImpl impl)
   at Avalonia.Threading.Dispatcher.PushFrame(DispatcherFrame frame)
   at Avalonia.Threading.Dispatcher.MainLoop(CancellationToken cancellationToken)
   at Avalonia.Controls.ApplicationLifetimes.ClassicDesktopStyleApplicationLifetime.StartCore(String[] args)
   at Avalonia.Controls.ApplicationLifetimes.ClassicDesktopStyleApplicationLifetime.Start(String[] args)
   at Avalonia.ClassicDesktopStyleApplicationLifetimeExtensions.StartWithClassicDesktopLifetime(AppBuilder builder, String[] args, Action`1 lifetimeBuilder)
   at NovaLite.UI.Program.Main(String[] args) in C:\Users\Fynn\nova_lite\src\NovaLite.UI\Program.cs:line 27
2026-07-16 13:23:09.948 [INF]  NovaLite starting — version 1.0.0.0
2026-07-16 13:23:16.856 [FTL]  NovaLite terminated unexpectedly
System.ArgumentException: Unable to resolve type vm:MainWindowViewModel from any of the following locations: 
   at Avalonia.Markup.Xaml.XamlIl.Runtime.XamlIlRuntimeHelpers.XamlTypeResolver.Resolve(String qualifiedTypeName)
   at Avalonia.Markup.Xaml.Extensions.ResolveType(IServiceProvider ctx, String namespacePrefix, String type)
   at Avalonia.Markup.Parsers.ExpressionNodeFactory.LookupType(Func`3 typeResolver, String namespace, String name)
   at Avalonia.Markup.Parsers.ExpressionNodeFactory.CreateFromAst(List`1 astNodes, Func`3 typeResolver, INameScope nameScope, Boolean& isRooted)
   at Avalonia.Data.Binding.InstanceCore(AvaloniaProperty targetProperty, AvaloniaObject target, Object anchor, Boolean enableDataValidation)
   at Avalonia.Data.Binding.Instance(AvaloniaObject target, AvaloniaProperty targetProperty, Object anchor)
   at Avalonia.Data.BindingBase.Avalonia.Data.Core.IBinding2.Instance(AvaloniaObject target, AvaloniaProperty property, Object anchor)
   at Avalonia.AvaloniaObject.Bind(AvaloniaProperty property, IBinding binding, Object anchor)
   at Avalonia.AvaloniaObject.Bind(AvaloniaProperty property, IBinding binding)
   at Avalonia.AvaloniaObjectExtensions.Bind(AvaloniaObject target, AvaloniaProperty property, IBinding binding, Object anchor)
   at NovaLite.UI.MainWindow.XamlClosure_1.Build_6(IServiceProvider) in C:\Users\Fynn\nova_lite\src\NovaLite.UI\MainWindow.xaml:line 146
   at Avalonia.Markup.Xaml.XamlIl.Runtime.XamlIlRuntimeHelpers.PointerDeferredContent`1.InvokeBuilder(IServiceProvider serviceProvider)
   at Avalonia.Markup.Xaml.XamlIl.Runtime.XamlIlRuntimeHelpers.DeferredContent`1.Build(IServiceProvider serviceProvider)
   at Avalonia.Markup.Xaml.Templates.TemplateContent.Load[T](Object templateContent)
   at Avalonia.Markup.Xaml.Templates.TemplateContent.Load(Object templateContent)
   at Avalonia.Markup.Xaml.Templates.DataTemplate.Build(Object data, Control existing)
   at Avalonia.Controls.Presenters.ContentPresenter.CreateChild(Object content, Control oldChild, IDataTemplate template)
   at Avalonia.Controls.Presenters.ContentPresenter.UpdateChild(Object content)
   at Avalonia.Controls.Presenters.ContentPresenter.UpdateChild()
   at Avalonia.Controls.Presenters.ContentPresenter.ApplyTemplate()
   at Avalonia.Layout.Layoutable.MeasureCore(Size availableSize)
   at Avalonia.Layout.Layoutable.Measure(Size availableSize)
   at Avalonia.Layout.Layoutable.MeasureOverride(Size availableSize)
   at Avalonia.Layout.Layoutable.MeasureCore(Size availableSize)
   at Avalonia.Layout.Layoutable.Measure(Size availableSize)
   at Avalonia.Controls.VirtualizingStackPanel.RealizeElements(IReadOnlyList`1 items, Size availableSize, MeasureViewport& viewport)
   at Avalonia.Controls.VirtualizingStackPanel.MeasureOverride(Size availableSize)
   at Avalonia.Layout.Layoutable.MeasureCore(Size availableSize)
   at Avalonia.Layout.Layoutable.Measure(Size availableSize)
   at Avalonia.Layout.LayoutManager.Measure(Layoutable control)
   at Avalonia.Layout.LayoutManager.ExecuteMeasurePass()
   at Avalonia.Layout.LayoutManager.InnerLayoutPass()
   at Avalonia.Layout.LayoutManager.ExecuteLayoutPass()
   at Avalonia.Layout.LayoutManager.ExecuteQueuedLayoutPass()
   at Avalonia.Media.MediaContext.FireInvokeOnRenderCallbacks()
   at Avalonia.Media.MediaContext.RenderCore()
   at Avalonia.Media.MediaContext.Render()
   at Avalonia.Threading.DispatcherOperation.InvokeCore()
   at Avalonia.Threading.DispatcherOperation.Execute()
   at Avalonia.Threading.Dispatcher.ExecuteJob(DispatcherOperation job)
   at Avalonia.Threading.Dispatcher.ExecuteJobsCore(Boolean fromExplicitBackgroundProcessingCallback)
   at Avalonia.Threading.Dispatcher.Signaled()
   at Avalonia.Win32.Win32DispatcherImpl.DispatchWorkItem()
   at Avalonia.Win32.Win32Platform.WndProc(IntPtr hWnd, UInt32 msg, IntPtr wParam, IntPtr lParam)
   at Avalonia.Win32.Interop.UnmanagedMethods.DispatchMessage(MSG& lpmsg)
   at Avalonia.Win32.Win32DispatcherImpl.RunLoop(CancellationToken cancellationToken)
   at Avalonia.Threading.DispatcherFrame.Run(IControlledDispatcherImpl impl)
   at Avalonia.Threading.Dispatcher.PushFrame(DispatcherFrame frame)
   at Avalonia.Threading.Dispatcher.MainLoop(CancellationToken cancellationToken)
   at Avalonia.Controls.ApplicationLifetimes.ClassicDesktopStyleApplicationLifetime.StartCore(String[] args)
   at Avalonia.Controls.ApplicationLifetimes.ClassicDesktopStyleApplicationLifetime.Start(String[] args)
   at Avalonia.ClassicDesktopStyleApplicationLifetimeExtensions.StartWithClassicDesktopLifetime(AppBuilder builder, String[] args, Action`1 lifetimeBuilder)
   at NovaLite.UI.Program.Main(String[] args) in C:\Users\Fynn\nova_lite\src\NovaLite.UI\Program.cs:line 27
2026-07-16 13:23:19.175 [INF]  NovaLite starting — version 1.0.0.0
2026-07-16 13:23:19.819 [FTL]  NovaLite terminated unexpectedly
System.ArgumentException: Unable to resolve type vm:MainWindowViewModel from any of the following locations: 
   at Avalonia.Markup.Xaml.XamlIl.Runtime.XamlIlRuntimeHelpers.XamlTypeResolver.Resolve(String qualifiedTypeName)
   at Avalonia.Markup.Xaml.Extensions.ResolveType(IServiceProvider ctx, String namespacePrefix, String type)
   at Avalonia.Markup.Parsers.ExpressionNodeFactory.LookupType(Func`3 typeResolver, String namespace, String name)
   at Avalonia.Markup.Parsers.ExpressionNodeFactory.CreateFromAst(List`1 astNodes, Func`3 typeResolver, INameScope nameScope, Boolean& isRooted)
   at Avalonia.Data.Binding.InstanceCore(AvaloniaProperty targetProperty, AvaloniaObject target, Object anchor, Boolean enableDataValidation)
   at Avalonia.Data.Binding.Instance(AvaloniaObject target, AvaloniaProperty targetProperty, Object anchor)
   at Avalonia.Data.BindingBase.Avalonia.Data.Core.IBinding2.Instance(AvaloniaObject target, AvaloniaProperty property, Object anchor)
   at Avalonia.AvaloniaObject.Bind(AvaloniaProperty property, IBinding binding, Object anchor)
   at Avalonia.AvaloniaObject.Bind(AvaloniaProperty property, IBinding binding)
   at Avalonia.AvaloniaObjectExtensions.Bind(AvaloniaObject target, AvaloniaProperty property, IBinding binding, Object anchor)
   at NovaLite.UI.MainWindow.XamlClosure_1.Build_6(IServiceProvider) in C:\Users\Fynn\nova_lite\src\NovaLite.UI\MainWindow.xaml:line 146
   at Avalonia.Markup.Xaml.XamlIl.Runtime.XamlIlRuntimeHelpers.PointerDeferredContent`1.InvokeBuilder(IServiceProvider serviceProvider)
   at Avalonia.Markup.Xaml.XamlIl.Runtime.XamlIlRuntimeHelpers.DeferredContent`1.Build(IServiceProvider serviceProvider)
   at Avalonia.Markup.Xaml.Templates.TemplateContent.Load[T](Object templateContent)
   at Avalonia.Markup.Xaml.Templates.TemplateContent.Load(Object templateContent)
   at Avalonia.Markup.Xaml.Templates.DataTemplate.Build(Object data, Control existing)
   at Avalonia.Controls.Presenters.ContentPresenter.CreateChild(Object content, Control oldChild, IDataTemplate template)
   at Avalonia.Controls.Presenters.ContentPresenter.UpdateChild(Object content)
   at Avalonia.Controls.Presenters.ContentPresenter.UpdateChild()
   at Avalonia.Controls.Presenters.ContentPresenter.ApplyTemplate()
   at Avalonia.Layout.Layoutable.MeasureCore(Size availableSize)
   at Avalonia.Layout.Layoutable.Measure(Size availableSize)
   at Avalonia.Layout.Layoutable.MeasureOverride(Size availableSize)
   at Avalonia.Layout.Layoutable.MeasureCore(Size availableSize)
   at Avalonia.Layout.Layoutable.Measure(Size availableSize)
   at Avalonia.Controls.VirtualizingStackPanel.RealizeElements(IReadOnlyList`1 items, Size availableSize, MeasureViewport& viewport)
   at Avalonia.Controls.VirtualizingStackPanel.MeasureOverride(Size availableSize)
   at Avalonia.Layout.Layoutable.MeasureCore(Size availableSize)
   at Avalonia.Layout.Layoutable.Measure(Size availableSize)
   at Avalonia.Layout.LayoutManager.Measure(Layoutable control)
   at Avalonia.Layout.LayoutManager.ExecuteMeasurePass()
   at Avalonia.Layout.LayoutManager.InnerLayoutPass()
   at Avalonia.Layout.LayoutManager.ExecuteLayoutPass()
   at Avalonia.Layout.LayoutManager.ExecuteQueuedLayoutPass()
   at Avalonia.Media.MediaContext.FireInvokeOnRenderCallbacks()
   at Avalonia.Media.MediaContext.RenderCore()
   at Avalonia.Media.MediaContext.Render()
   at Avalonia.Threading.DispatcherOperation.InvokeCore()
   at Avalonia.Threading.DispatcherOperation.Execute()
   at Avalonia.Threading.Dispatcher.ExecuteJob(DispatcherOperation job)
   at Avalonia.Threading.Dispatcher.ExecuteJobsCore(Boolean fromExplicitBackgroundProcessingCallback)
   at Avalonia.Threading.Dispatcher.Signaled()
   at Avalonia.Win32.Win32DispatcherImpl.DispatchWorkItem()
   at Avalonia.Win32.Win32Platform.WndProc(IntPtr hWnd, UInt32 msg, IntPtr wParam, IntPtr lParam)
   at Avalonia.Win32.Interop.UnmanagedMethods.DispatchMessage(MSG& lpmsg)
   at Avalonia.Win32.Win32DispatcherImpl.RunLoop(CancellationToken cancellationToken)
   at Avalonia.Threading.DispatcherFrame.Run(IControlledDispatcherImpl impl)
   at Avalonia.Threading.Dispatcher.PushFrame(DispatcherFrame frame)
   at Avalonia.Threading.Dispatcher.MainLoop(CancellationToken cancellationToken)
   at Avalonia.Controls.ApplicationLifetimes.ClassicDesktopStyleApplicationLifetime.StartCore(String[] args)
   at Avalonia.Controls.ApplicationLifetimes.ClassicDesktopStyleApplicationLifetime.Start(String[] args)
   at Avalonia.ClassicDesktopStyleApplicationLifetimeExtensions.StartWithClassicDesktopLifetime(AppBuilder builder, String[] args, Action`1 lifetimeBuilder)
   at NovaLite.UI.Program.Main(String[] args) in C:\Users\Fynn\nova_lite\src\NovaLite.UI\Program.cs:line 27
2026-07-16 13:23:21.105 [INF]  NovaLite starting — version 1.0.0.0
2026-07-16 13:23:21.751 [FTL]  NovaLite terminated unexpectedly
System.ArgumentException: Unable to resolve type vm:MainWindowViewModel from any of the following locations: 
   at Avalonia.Markup.Xaml.XamlIl.Runtime.XamlIlRuntimeHelpers.XamlTypeResolver.Resolve(String qualifiedTypeName)
   at Avalonia.Markup.Xaml.Extensions.ResolveType(IServiceProvider ctx, String namespacePrefix, String type)
   at Avalonia.Markup.Parsers.ExpressionNodeFactory.LookupType(Func`3 typeResolver, String namespace, String name)
   at Avalonia.Markup.Parsers.ExpressionNodeFactory.CreateFromAst(List`1 astNodes, Func`3 typeResolver, INameScope nameScope, Boolean& isRooted)
   at Avalonia.Data.Binding.InstanceCore(AvaloniaProperty targetProperty, AvaloniaObject target, Object anchor, Boolean enableDataValidation)
   at Avalonia.Data.Binding.Instance(AvaloniaObject target, AvaloniaProperty targetProperty, Object anchor)
   at Avalonia.Data.BindingBase.Avalonia.Data.Core.IBinding2.Instance(AvaloniaObject target, AvaloniaProperty property, Object anchor)
   at Avalonia.AvaloniaObject.Bind(AvaloniaProperty property, IBinding binding, Object anchor)
   at Avalonia.AvaloniaObject.Bind(AvaloniaProperty property, IBinding binding)
   at Avalonia.AvaloniaObjectExtensions.Bind(AvaloniaObject target, AvaloniaProperty property, IBinding binding, Object anchor)
   at NovaLite.UI.MainWindow.XamlClosure_1.Build_6(IServiceProvider) in C:\Users\Fynn\nova_lite\src\NovaLite.UI\MainWindow.xaml:line 146
   at Avalonia.Markup.Xaml.XamlIl.Runtime.XamlIlRuntimeHelpers.PointerDeferredContent`1.InvokeBuilder(IServiceProvider serviceProvider)
   at Avalonia.Markup.Xaml.XamlIl.Runtime.XamlIlRuntimeHelpers.DeferredContent`1.Build(IServiceProvider serviceProvider)
   at Avalonia.Markup.Xaml.Templates.TemplateContent.Load[T](Object templateContent)
   at Avalonia.Markup.Xaml.Templates.TemplateContent.Load(Object templateContent)
   at Avalonia.Markup.Xaml.Templates.DataTemplate.Build(Object data, Control existing)
   at Avalonia.Controls.Presenters.ContentPresenter.CreateChild(Object content, Control oldChild, IDataTemplate template)
   at Avalonia.Controls.Presenters.ContentPresenter.UpdateChild(Object content)
   at Avalonia.Controls.Presenters.ContentPresenter.UpdateChild()
   at Avalonia.Controls.Presenters.ContentPresenter.ApplyTemplate()
   at Avalonia.Layout.Layoutable.MeasureCore(Size availableSize)
   at Avalonia.Layout.Layoutable.Measure(Size availableSize)
   at Avalonia.Layout.Layoutable.MeasureOverride(Size availableSize)
   at Avalonia.Layout.Layoutable.MeasureCore(Size availableSize)
   at Avalonia.Layout.Layoutable.Measure(Size availableSize)
   at Avalonia.Controls.VirtualizingStackPanel.RealizeElements(IReadOnlyList`1 items, Size availableSize, MeasureViewport& viewport)
   at Avalonia.Controls.VirtualizingStackPanel.MeasureOverride(Size availableSize)
   at Avalonia.Layout.Layoutable.MeasureCore(Size availableSize)
   at Avalonia.Layout.Layoutable.Measure(Size availableSize)
   at Avalonia.Layout.LayoutManager.Measure(Layoutable control)
   at Avalonia.Layout.LayoutManager.ExecuteMeasurePass()
   at Avalonia.Layout.LayoutManager.InnerLayoutPass()
   at Avalonia.Layout.LayoutManager.ExecuteLayoutPass()
   at Avalonia.Layout.LayoutManager.ExecuteQueuedLayoutPass()
   at Avalonia.Media.MediaContext.FireInvokeOnRenderCallbacks()
   at Avalonia.Media.MediaContext.RenderCore()
   at Avalonia.Media.MediaContext.Render()
   at Avalonia.Threading.DispatcherOperation.InvokeCore()
   at Avalonia.Threading.DispatcherOperation.Execute()
   at Avalonia.Threading.Dispatcher.ExecuteJob(DispatcherOperation job)
   at Avalonia.Threading.Dispatcher.ExecuteJobsCore(Boolean fromExplicitBackgroundProcessingCallback)
   at Avalonia.Threading.Dispatcher.Signaled()
   at Avalonia.Win32.Win32DispatcherImpl.DispatchWorkItem()
   at Avalonia.Win32.Win32Platform.WndProc(IntPtr hWnd, UInt32 msg, IntPtr wParam, IntPtr lParam)
   at Avalonia.Win32.Interop.UnmanagedMethods.DispatchMessage(MSG& lpmsg)
   at Avalonia.Win32.Win32DispatcherImpl.RunLoop(CancellationToken cancellationToken)
   at Avalonia.Threading.DispatcherFrame.Run(IControlledDispatcherImpl impl)
   at Avalonia.Threading.Dispatcher.PushFrame(DispatcherFrame frame)
   at Avalonia.Threading.Dispatcher.MainLoop(CancellationToken cancellationToken)
   at Avalonia.Controls.ApplicationLifetimes.ClassicDesktopStyleApplicationLifetime.StartCore(String[] args)
   at Avalonia.Controls.ApplicationLifetimes.ClassicDesktopStyleApplicationLifetime.Start(String[] args)
   at Avalonia.ClassicDesktopStyleApplicationLifetimeExtensions.StartWithClassicDesktopLifetime(AppBuilder builder, String[] args, Action`1 lifetimeBuilder)
   at NovaLite.UI.Program.Main(String[] args) in C:\Users\Fynn\nova_lite\src\NovaLite.UI\Program.cs:line 27
2026-07-16 13:27:27.265 [INF]  NovaLite starting — version 1.0.0.0
2026-07-16 13:27:27.920 [FTL]  NovaLite terminated unexpectedly
System.ArgumentException: Unable to resolve type vm:MainWindowViewModel from any of the following locations: 
   at Avalonia.Markup.Xaml.XamlIl.Runtime.XamlIlRuntimeHelpers.XamlTypeResolver.Resolve(String qualifiedTypeName)
   at Avalonia.Markup.Xaml.Extensions.ResolveType(IServiceProvider ctx, String namespacePrefix, String type)
   at Avalonia.Markup.Parsers.ExpressionNodeFactory.LookupType(Func`3 typeResolver, String namespace, String name)
   at Avalonia.Markup.Parsers.ExpressionNodeFactory.CreateFromAst(List`1 astNodes, Func`3 typeResolver, INameScope nameScope, Boolean& isRooted)
   at Avalonia.Data.Binding.InstanceCore(AvaloniaProperty targetProperty, AvaloniaObject target, Object anchor, Boolean enableDataValidation)
   at Avalonia.Data.Binding.Instance(AvaloniaObject target, AvaloniaProperty targetProperty, Object anchor)
   at Avalonia.Data.BindingBase.Avalonia.Data.Core.IBinding2.Instance(AvaloniaObject target, AvaloniaProperty property, Object anchor)
   at Avalonia.AvaloniaObject.Bind(AvaloniaProperty property, IBinding binding, Object anchor)
   at Avalonia.AvaloniaObject.Bind(AvaloniaProperty property, IBinding binding)
   at Avalonia.AvaloniaObjectExtensions.Bind(AvaloniaObject target, AvaloniaProperty property, IBinding binding, Object anchor)
   at NovaLite.UI.MainWindow.XamlClosure_1.Build_6(IServiceProvider) in C:\Users\Fynn\nova_lite\src\NovaLite.UI\MainWindow.xaml:line 146
   at Avalonia.Markup.Xaml.XamlIl.Runtime.XamlIlRuntimeHelpers.PointerDeferredContent`1.InvokeBuilder(IServiceProvider serviceProvider)
   at Avalonia.Markup.Xaml.XamlIl.Runtime.XamlIlRuntimeHelpers.DeferredContent`1.Build(IServiceProvider serviceProvider)
   at Avalonia.Markup.Xaml.Templates.TemplateContent.Load[T](Object templateContent)
   at Avalonia.Markup.Xaml.Templates.TemplateContent.Load(Object templateContent)
   at Avalonia.Markup.Xaml.Templates.DataTemplate.Build(Object data, Control existing)
   at Avalonia.Controls.Presenters.ContentPresenter.CreateChild(Object content, Control oldChild, IDataTemplate template)
   at Avalonia.Controls.Presenters.ContentPresenter.UpdateChild(Object content)
   at Avalonia.Controls.Presenters.ContentPresenter.UpdateChild()
   at Avalonia.Controls.Presenters.ContentPresenter.ApplyTemplate()
   at Avalonia.Layout.Layoutable.MeasureCore(Size availableSize)
   at Avalonia.Layout.Layoutable.Measure(Size availableSize)
   at Avalonia.Layout.Layoutable.MeasureOverride(Size availableSize)
   at Avalonia.Layout.Layoutable.MeasureCore(Size availableSize)
   at Avalonia.Layout.Layoutable.Measure(Size availableSize)
   at Avalonia.Controls.VirtualizingStackPanel.RealizeElements(IReadOnlyList`1 items, Size availableSize, MeasureViewport& viewport)
   at Avalonia.Controls.VirtualizingStackPanel.MeasureOverride(Size availableSize)
   at Avalonia.Layout.Layoutable.MeasureCore(Size availableSize)
   at Avalonia.Layout.Layoutable.Measure(Size availableSize)
   at Avalonia.Layout.LayoutManager.Measure(Layoutable control)
   at Avalonia.Layout.LayoutManager.ExecuteMeasurePass()
   at Avalonia.Layout.LayoutManager.InnerLayoutPass()
   at Avalonia.Layout.LayoutManager.ExecuteLayoutPass()
   at Avalonia.Layout.LayoutManager.ExecuteQueuedLayoutPass()
   at Avalonia.Media.MediaContext.FireInvokeOnRenderCallbacks()
   at Avalonia.Media.MediaContext.RenderCore()
   at Avalonia.Media.MediaContext.Render()
   at Avalonia.Threading.DispatcherOperation.InvokeCore()
   at Avalonia.Threading.DispatcherOperation.Execute()
   at Avalonia.Threading.Dispatcher.ExecuteJob(DispatcherOperation job)
   at Avalonia.Threading.Dispatcher.ExecuteJobsCore(Boolean fromExplicitBackgroundProcessingCallback)
   at Avalonia.Threading.Dispatcher.Signaled()
   at Avalonia.Win32.Win32DispatcherImpl.DispatchWorkItem()
   at Avalonia.Win32.Win32Platform.WndProc(IntPtr hWnd, UInt32 msg, IntPtr wParam, IntPtr lParam)
   at Avalonia.Win32.Interop.UnmanagedMethods.DispatchMessage(MSG& lpmsg)
   at Avalonia.Win32.Win32DispatcherImpl.RunLoop(CancellationToken cancellationToken)
   at Avalonia.Threading.DispatcherFrame.Run(IControlledDispatcherImpl impl)
   at Avalonia.Threading.Dispatcher.PushFrame(DispatcherFrame frame)
   at Avalonia.Threading.Dispatcher.MainLoop(CancellationToken cancellationToken)
   at Avalonia.Controls.ApplicationLifetimes.ClassicDesktopStyleApplicationLifetime.StartCore(String[] args)
   at Avalonia.Controls.ApplicationLifetimes.ClassicDesktopStyleApplicationLifetime.Start(String[] args)
   at Avalonia.ClassicDesktopStyleApplicationLifetimeExtensions.StartWithClassicDesktopLifetime(AppBuilder builder, String[] args, Action`1 lifetimeBuilder)
   at NovaLite.UI.Program.Main(String[] args) in C:\Users\Fynn\nova_lite\src\NovaLite.UI\Program.cs:line 27
2026-07-16 13:29:51.788 [INF]  NovaLite starting — version 1.0.0.0
2026-07-16 13:29:53.213 [FTL]  NovaLite terminated unexpectedly
System.ArgumentException: Unable to resolve type vm:MainWindowViewModel from any of the following locations: 
   at Avalonia.Markup.Xaml.XamlIl.Runtime.XamlIlRuntimeHelpers.XamlTypeResolver.Resolve(String qualifiedTypeName)
   at Avalonia.Markup.Xaml.Extensions.ResolveType(IServiceProvider ctx, String namespacePrefix, String type)
   at Avalonia.Markup.Parsers.ExpressionNodeFactory.LookupType(Func`3 typeResolver, String namespace, String name)
   at Avalonia.Markup.Parsers.ExpressionNodeFactory.CreateFromAst(List`1 astNodes, Func`3 typeResolver, INameScope nameScope, Boolean& isRooted)
   at Avalonia.Data.Binding.InstanceCore(AvaloniaProperty targetProperty, AvaloniaObject target, Object anchor, Boolean enableDataValidation)
   at Avalonia.Data.Binding.Instance(AvaloniaObject target, AvaloniaProperty targetProperty, Object anchor)
   at Avalonia.Data.BindingBase.Avalonia.Data.Core.IBinding2.Instance(AvaloniaObject target, AvaloniaProperty property, Object anchor)
   at Avalonia.AvaloniaObject.Bind(AvaloniaProperty property, IBinding binding, Object anchor)
   at Avalonia.AvaloniaObject.Bind(AvaloniaProperty property, IBinding binding)
   at Avalonia.AvaloniaObjectExtensions.Bind(AvaloniaObject target, AvaloniaProperty property, IBinding binding, Object anchor)
   at NovaLite.UI.MainWindow.XamlClosure_1.Build_6(IServiceProvider) in C:\Users\Fynn\nova_lite\src\NovaLite.UI\MainWindow.xaml:line 146
   at Avalonia.Markup.Xaml.XamlIl.Runtime.XamlIlRuntimeHelpers.PointerDeferredContent`1.InvokeBuilder(IServiceProvider serviceProvider)
   at Avalonia.Markup.Xaml.XamlIl.Runtime.XamlIlRuntimeHelpers.DeferredContent`1.Build(IServiceProvider serviceProvider)
   at Avalonia.Markup.Xaml.Templates.TemplateContent.Load[T](Object templateContent)
   at Avalonia.Markup.Xaml.Templates.TemplateContent.Load(Object templateContent)
   at Avalonia.Markup.Xaml.Templates.DataTemplate.Build(Object data, Control existing)
   at Avalonia.Controls.Presenters.ContentPresenter.CreateChild(Object content, Control oldChild, IDataTemplate template)
   at Avalonia.Controls.Presenters.ContentPresenter.UpdateChild(Object content)
   at Avalonia.Controls.Presenters.ContentPresenter.UpdateChild()
   at Avalonia.Controls.Presenters.ContentPresenter.ApplyTemplate()
   at Avalonia.Layout.Layoutable.MeasureCore(Size availableSize)
   at Avalonia.Layout.Layoutable.Measure(Size availableSize)
   at Avalonia.Layout.Layoutable.MeasureOverride(Size availableSize)
   at Avalonia.Layout.Layoutable.MeasureCore(Size availableSize)
   at Avalonia.Layout.Layoutable.Measure(Size availableSize)
   at Avalonia.Controls.VirtualizingStackPanel.RealizeElements(IReadOnlyList`1 items, Size availableSize, MeasureViewport& viewport)
   at Avalonia.Controls.VirtualizingStackPanel.MeasureOverride(Size availableSize)
   at Avalonia.Layout.Layoutable.MeasureCore(Size availableSize)
   at Avalonia.Layout.Layoutable.Measure(Size availableSize)
   at Avalonia.Layout.LayoutManager.Measure(Layoutable control)
   at Avalonia.Layout.LayoutManager.ExecuteMeasurePass()
   at Avalonia.Layout.LayoutManager.InnerLayoutPass()
   at Avalonia.Layout.LayoutManager.ExecuteLayoutPass()
   at Avalonia.Layout.LayoutManager.ExecuteQueuedLayoutPass()
   at Avalonia.Media.MediaContext.FireInvokeOnRenderCallbacks()
   at Avalonia.Media.MediaContext.RenderCore()
   at Avalonia.Media.MediaContext.Render()
   at Avalonia.Threading.DispatcherOperation.InvokeCore()
   at Avalonia.Threading.DispatcherOperation.Execute()
   at Avalonia.Threading.Dispatcher.ExecuteJob(DispatcherOperation job)
   at Avalonia.Threading.Dispatcher.ExecuteJobsCore(Boolean fromExplicitBackgroundProcessingCallback)
   at Avalonia.Threading.Dispatcher.Signaled()
   at Avalonia.Win32.Win32DispatcherImpl.DispatchWorkItem()
   at Avalonia.Win32.Win32Platform.WndProc(IntPtr hWnd, UInt32 msg, IntPtr wParam, IntPtr lParam)
   at Avalonia.Win32.Interop.UnmanagedMethods.DispatchMessage(MSG& lpmsg)
   at Avalonia.Win32.Win32DispatcherImpl.RunLoop(CancellationToken cancellationToken)
   at Avalonia.Threading.DispatcherFrame.Run(IControlledDispatcherImpl impl)
   at Avalonia.Threading.Dispatcher.PushFrame(DispatcherFrame frame)
   at Avalonia.Threading.Dispatcher.MainLoop(CancellationToken cancellationToken)
   at Avalonia.Controls.ApplicationLifetimes.ClassicDesktopStyleApplicationLifetime.StartCore(String[] args)
   at Avalonia.Controls.ApplicationLifetimes.ClassicDesktopStyleApplicationLifetime.Start(String[] args)
   at Avalonia.ClassicDesktopStyleApplicationLifetimeExtensions.StartWithClassicDesktopLifetime(AppBuilder builder, String[] args, Action`1 lifetimeBuilder)
   at NovaLite.UI.Program.Main(String[] args) in C:\Users\Fynn\nova_lite\src\NovaLite.UI\Program.cs:line 27
2026-07-16 13:39:09.461 [INF]  NovaLite starting — version 1.0.0.0
2026-07-16 13:47:27.164 [INF]  NovaLite starting — version 1.0.0.0
2026-07-16 13:47:42.817 [ERR]  Chat inference failed
Microsoft.EntityFrameworkCore.DbUpdateException: An error occurred while saving the entity changes. See the inner exception for details.
 ---> Microsoft.Data.Sqlite.SqliteException (0x80004005): SQLite Error 19: 'FOREIGN KEY constraint failed'.
   at Microsoft.Data.Sqlite.SqliteException.ThrowExceptionForRC(Int32 rc, sqlite3 db)
   at Microsoft.Data.Sqlite.SqliteDataReader.NextResult()
   at Microsoft.Data.Sqlite.SqliteCommand.ExecuteReader(CommandBehavior behavior)
   at Microsoft.Data.Sqlite.SqliteCommand.ExecuteReaderAsync(CommandBehavior behavior, CancellationToken cancellationToken)
   at Microsoft.Data.Sqlite.SqliteCommand.ExecuteDbDataReaderAsync(CommandBehavior behavior, CancellationToken cancellationToken)
   at Microsoft.EntityFrameworkCore.Storage.RelationalCommand.ExecuteReaderAsync(RelationalCommandParameterObject parameterObject, CancellationToken cancellationToken)
   at Microsoft.EntityFrameworkCore.Storage.RelationalCommand.ExecuteReaderAsync(RelationalCommandParameterObject parameterObject, CancellationToken cancellationToken)
   at Microsoft.EntityFrameworkCore.Update.ReaderModificationCommandBatch.ExecuteAsync(IRelationalConnection connection, CancellationToken cancellationToken)
   --- End of inner exception stack trace ---
   at Microsoft.EntityFrameworkCore.Update.ReaderModificationCommandBatch.ExecuteAsync(IRelationalConnection connection, CancellationToken cancellationToken)
   at Microsoft.EntityFrameworkCore.Update.Internal.BatchExecutor.ExecuteAsync(IEnumerable`1 commandBatches, IRelationalConnection connection, CancellationToken cancellationToken)
   at Microsoft.EntityFrameworkCore.Update.Internal.BatchExecutor.ExecuteAsync(IEnumerable`1 commandBatches, IRelationalConnection connection, CancellationToken cancellationToken)
   at Microsoft.EntityFrameworkCore.Update.Internal.BatchExecutor.ExecuteAsync(IEnumerable`1 commandBatches, IRelationalConnection connection, CancellationToken cancellationToken)
   at Microsoft.EntityFrameworkCore.Storage.RelationalDatabase.SaveChangesAsync(IList`1 entries, CancellationToken cancellationToken)
   at Microsoft.EntityFrameworkCore.ChangeTracking.Internal.StateManager.SaveChangesAsync(IList`1 entriesToSave, CancellationToken cancellationToken)
   at Microsoft.EntityFrameworkCore.ChangeTracking.Internal.StateManager.SaveChangesAsync(StateManager stateManager, Boolean acceptAllChangesOnSuccess, CancellationToken cancellationToken)
   at Microsoft.EntityFrameworkCore.DbContext.SaveChangesAsync(Boolean acceptAllChangesOnSuccess, CancellationToken cancellationToken)
   at Microsoft.EntityFrameworkCore.DbContext.SaveChangesAsync(Boolean acceptAllChangesOnSuccess, CancellationToken cancellationToken)
   at NovaLite.Core.Services.ChatRepository.AddMessageAsync(Guid sessionId, ChatMessage message) in C:\Users\Fynn\nova_lite\src\NovaLite.Core\Services\ChatRepository.cs:line 96
   at NovaLite.Core.Services.ConversationService.SendAsync(String userText, InferenceOptions options, CancellationToken ct)+MoveNext() in C:\Users\Fynn\nova_lite\src\NovaLite.Core\Services\ConversationService.cs:line 75
   at NovaLite.Core.Services.ConversationService.SendAsync(String userText, InferenceOptions options, CancellationToken ct)+System.Threading.Tasks.Sources.IValueTaskSource<System.Boolean>.GetResult()
   at NovaLite.UI.ViewModels.ChatPageViewModel.Send() in C:\Users\Fynn\nova_lite\src\NovaLite.UI\ViewModels\ChatPageViewModel.cs:line 116
   at NovaLite.UI.ViewModels.ChatPageViewModel.Send() in C:\Users\Fynn\nova_lite\src\NovaLite.UI\ViewModels\ChatPageViewModel.cs:line 116
2026-07-16 13:48:05.968 [ERR]  Chat inference failed
Microsoft.EntityFrameworkCore.DbUpdateException: An error occurred while saving the entity changes. See the inner exception for details.
 ---> Microsoft.Data.Sqlite.SqliteException (0x80004005): SQLite Error 19: 'FOREIGN KEY constraint failed'.
   at Microsoft.Data.Sqlite.SqliteException.ThrowExceptionForRC(Int32 rc, sqlite3 db)
   at Microsoft.Data.Sqlite.SqliteDataReader.NextResult()
   at Microsoft.Data.Sqlite.SqliteCommand.ExecuteReader(CommandBehavior behavior)
   at Microsoft.Data.Sqlite.SqliteCommand.ExecuteReaderAsync(CommandBehavior behavior, CancellationToken cancellationToken)
   at Microsoft.Data.Sqlite.SqliteCommand.ExecuteDbDataReaderAsync(CommandBehavior behavior, CancellationToken cancellationToken)
   at Microsoft.EntityFrameworkCore.Storage.RelationalCommand.ExecuteReaderAsync(RelationalCommandParameterObject parameterObject, CancellationToken cancellationToken)
   at Microsoft.EntityFrameworkCore.Storage.RelationalCommand.ExecuteReaderAsync(RelationalCommandParameterObject parameterObject, CancellationToken cancellationToken)
   at Microsoft.EntityFrameworkCore.Update.ReaderModificationCommandBatch.ExecuteAsync(IRelationalConnection connection, CancellationToken cancellationToken)
   --- End of inner exception stack trace ---
   at Microsoft.EntityFrameworkCore.Update.ReaderModificationCommandBatch.ExecuteAsync(IRelationalConnection connection, CancellationToken cancellationToken)
   at Microsoft.EntityFrameworkCore.Update.Internal.BatchExecutor.ExecuteAsync(IEnumerable`1 commandBatches, IRelationalConnection connection, CancellationToken cancellationToken)
   at Microsoft.EntityFrameworkCore.Update.Internal.BatchExecutor.ExecuteAsync(IEnumerable`1 commandBatches, IRelationalConnection connection, CancellationToken cancellationToken)
   at Microsoft.EntityFrameworkCore.Update.Internal.BatchExecutor.ExecuteAsync(IEnumerable`1 commandBatches, IRelationalConnection connection, CancellationToken cancellationToken)
   at Microsoft.EntityFrameworkCore.Storage.RelationalDatabase.SaveChangesAsync(IList`1 entries, CancellationToken cancellationToken)
   at Microsoft.EntityFrameworkCore.ChangeTracking.Internal.StateManager.SaveChangesAsync(IList`1 entriesToSave, CancellationToken cancellationToken)
   at Microsoft.EntityFrameworkCore.ChangeTracking.Internal.StateManager.SaveChangesAsync(StateManager stateManager, Boolean acceptAllChangesOnSuccess, CancellationToken cancellationToken)
   at Microsoft.EntityFrameworkCore.DbContext.SaveChangesAsync(Boolean acceptAllChangesOnSuccess, CancellationToken cancellationToken)
   at Microsoft.EntityFrameworkCore.DbContext.SaveChangesAsync(Boolean acceptAllChangesOnSuccess, CancellationToken cancellationToken)
   at NovaLite.Core.Services.ChatRepository.AddMessageAsync(Guid sessionId, ChatMessage message) in C:\Users\Fynn\nova_lite\src\NovaLite.Core\Services\ChatRepository.cs:line 96
   at NovaLite.Core.Services.ConversationService.SendAsync(String userText, InferenceOptions options, CancellationToken ct)+MoveNext() in C:\Users\Fynn\nova_lite\src\NovaLite.Core\Services\ConversationService.cs:line 75
   at NovaLite.Core.Services.ConversationService.SendAsync(String userText, InferenceOptions options, CancellationToken ct)+System.Threading.Tasks.Sources.IValueTaskSource<System.Boolean>.GetResult()
   at NovaLite.UI.ViewModels.ChatPageViewModel.Send() in C:\Users\Fynn\nova_lite\src\NovaLite.UI\ViewModels\ChatPageViewModel.cs:line 116
   at NovaLite.UI.ViewModels.ChatPageViewModel.Send() in C:\Users\Fynn\nova_lite\src\NovaLite.UI\ViewModels\ChatPageViewModel.cs:line 116
2026-07-16 14:01:17.547 [INF]  NovaLite starting — version 1.0.0.0
2026-07-16 14:06:08.837 [INF]  NovaLite starting — version 1.0.0.0
2026-07-16 14:58:10.794 [INF]  NovaLite starting — version 1.0.0.0
